Source,Target,Type,Weight
@04elisabeth,@asnasalvaje,Mencion,1
@04elisabeth,@davivienda,Mencion,5
@04elisabeth,@sfcsupervisor,Mencion,1
@04elisabeth,@sicsuper,Mencion,1
@04elisabeth,@wilsonariasc,Mencion,1
@0kh0,@davivienda,Mencion,1
@1almejandra4,@davivienda,Mencion,1
@21mrniceguy,@johnthekidus,Mencion,1
@24ricardov,@davivienda,Mencion,1
@24ricardov,@polombianodbien,Mencion,1
@2marianfuentes,@davivienda,Mencion,2
@4lb0m4dr1d,@chivowallet,Mencion,1
@4lb0m4dr1d,@daviescucha,Mencion,1
@4lb0m4dr1d,@davivienda,Mencion,1
@4lb0m4dr1d,@hsaenzm,Mencion,1
@4lb0m4dr1d,@manuel_p0rtill0,Mencion,1
@8573bd0bcf,@an4cr0s,Mencion,1
@8573bd0bcf,@monyrodriguezof,Mencion,1
@8573bd0bcf,@s,Mencion,1
@_____juanse,@davivienda,Mencion,1
@__barataria,@bancolombia,Mencion,1
@__barataria,@davivienda,Mencion,1
@__sindy__,@davivienda,Mencion,1
@_cazanguero_,@donkaiser016,Mencion,1
@_cazanguero_,@oscar16720574,Mencion,1
@_karento,@davivienda,Mencion,1
@_maga11anes,@davivienda,Mencion,1
@_maga11anes,@sfcsupervisor,Mencion,1
@_rosemberg_,@lucholarrompe,Mencion,1
@_rosemberg_,@tomyko79,Mencion,1
@_sallyto__,@davivienda,Mencion,1
@aangelgp,@nequi,Mencion,1
@abelc0227,@makathelion,Mencion,1
@accidental_,@davivienda,Mencion,1
@accidental_,@ssf_elsalvador,Mencion,1
@adefesio_13,@davivienda,Mencion,1
@adefesio_13,@wilsonariasc,Mencion,1
@africanogil,@jbalvin,Mencion,1
@agenciamorris,@angelamrobledo,Mencion,2
@agenciamorris,@jenniferariasf,Mencion,1
@aiamjohn_19,@davivienda,Mencion,1
@aiamjohn_19,@juanbucareli,Mencion,1
@aijeitpipol,@davivienda,Mencion,1
@aijeitpipol,@perenguena,Mencion,1
@al1encr,@itslittlealee,Mencion,1
@al1encr,@paulinabrttz,Mencion,1
@albahernandezc,@daviplata,Mencion,1
@albahernandezc,@davivienda,Mencion,1
@alberto26774828,@merecumbiandofu,Mencion,1
@alberto26774828,@vivibar,Mencion,1
@ale_ponce2,@davivienda,Mencion,1
@aleckrozo,@daviescucha,Mencion,1
@aleckrozo,@davivienda,Mencion,1
@aleddgz,@_jennma_,Mencion,1
@aleddgz,@demjessenia,Mencion,1
@aleja257,@davivienda,Mencion,1
@alejand07920400,@davivienda,Mencion,1
@alejand53899417,@davivienda,Mencion,1
@alejand53899417,@karlaarcila,Mencion,1
@alejand74102699,@davivienda,Mencion,1
@alejand92293678,@0vic_,Mencion,1
@alejo_latam,@asnasalvaje,Mencion,1
@alejo_latam,@davivienda,Mencion,1
@alejocallejasm,@davidracero,Mencion,1
@alejocallejasm,@edr_cd,Mencion,2
@alejocoqui,@davivienda,Mencion,2
@alejocoqui,@javierjmed,Mencion,2
@alejogb,@davivienda,Mencion,1
@alejolop_,@cristoatado,Mencion,1
@alejolop_,@davivienda,Mencion,1
@alejolop_,@inkonstante1,Mencion,1
@alejomora11,@davivienda,Mencion,2
@alejomora11,@telefonorojo,Mencion,2
@alex20083257,@davivienda,Mencion,1
@alexanderguata,@davivienda,Mencion,1
@alexandervg0,@davivienda,Mencion,1
@alexandervg0,@sfcsupervisor,Mencion,1
@alexmesa17,@edimejia1979,Mencion,1
@alexmesa17,@noticiasrcn,Mencion,1
@alexriascos,@davivienda,Mencion,1
@alexriascos,@karlaarcila,Mencion,1
@alexwolsh,@davivienda,Mencion,1
@alexwolsh,@ma_camiladiaz,Mencion,1
@alexwolsh,@partidoverdecol,Mencion,1
@alexwolsh,@petrogustavo,Mencion,1
@alexx104104,@daniagonzalz,Mencion,1
@alexx104104,@davivienda,Mencion,1
@alfredmaggiore,@alfredmaggiore,Mencion,1
@alfredmaggiore,@davivienda,Mencion,4
@alfredmaggiore,@wilsonariasc,Mencion,1
@alfredo63259306,@defensoria_910,Mencion,1
@alfredo63259306,@nayibbukele,Mencion,1
@alfredo63259306,@vmtelsalvador,Mencion,1
@alfredo63259306,@waraujo64,Mencion,1
@aliceresponde,@davivienda,Mencion,1
@alkosto,@corbetacomco,Mencion,1
@alkosto,@julioorozco29,Mencion,2
@alkosto,@movistarco,Mencion,1
@allanromeroc,@sergiomohamed23,Mencion,1
@almafuerteyvino,@daviplata,Mencion,3
@almafuerteyvino,@davivienda,Mencion,3
@almafuerteyvino,@wilsonariasc,Mencion,1
@alonsolopez31,@andreacely2970,Mencion,1
@alonsolopez31,@petangelscol,Mencion,1
@alreves22,@asnasalvaje,Mencion,1
@alreves22,@davivienda,Mencion,2
@alreves22,@enriquedelgadop,Mencion,1
@alreves22,@wilsonariasc,Mencion,1
@alvaroantonio_2,@daviplata,Mencion,2
@alvaroantonio_2,@davivienda,Mencion,4
@amador19881,@johnthekidus,Mencion,1
@amariaalar,@andrescepeda,Mencion,1
@amariaalar,@davivienda,Mencion,1
@amayaeugenia,@davivienda,Mencion,1
@amayaeugenia,@wellagency3,Mencion,1
@amerhoyos,@davivienda,Mencion,1
@amerhoyos,@sfcsupervisor,Mencion,1
@amezquit2angela,@davivienda,Mencion,1
@amezquit2angela,@marianiniecheve,Mencion,1
@amezquit2angela,@segurosbolivar,Mencion,1
@amindiazmorales,@daviplata,Mencion,1
@amindiazmorales,@davivienda,Mencion,1
@amindiazmorales,@sicsuper,Mencion,1
@aminmejiam,@davivienda,Mencion,1
@ammangel,@davivienda,Mencion,1
@ammb_2000,@davivienda,Mencion,1
@amoreno_s,@davivienda,Mencion,3
@anaguxvara,@asociacionmi,Mencion,1
@anaguxvara,@carloshtorivera,Mencion,1
@anamarialao,@davivienda,Mencion,2
@anamarialao,@sfcsupervisor,Mencion,1
@anamarialao,@sicsuper,Mencion,1
@anamariapradar2,@daviplata,Mencion,1
@anamilenagl,@andrescepeda,Mencion,1
@anamilenagl,@davivienda,Mencion,1
@ananoguera,@davivienda,Mencion,1
@ananoguera,@readloverspcj,Mencion,1
@anariva36369910,@lasihuanaba1,Mencion,1
@anariva36369910,@mendezazahar,Mencion,1
@anbztht,@davivienda,Mencion,1
@and_2204,@marianiniecheve,Mencion,1
@and_2204,@rubenpinzonhdez,Mencion,1
@andreaa57894205,@davidbarguil,Mencion,1
@andreabaires,@asofiamr4,Mencion,1
@andreabaires,@bancopromerica,Mencion,1
@andreabaires,@cristylopezleon,Mencion,1
@andreacabanad,@bancolombia,Mencion,1
@andreamr1226,@asodeporcali,Mencion,1
@andreamr1226,@faber_acuria,Mencion,1
@andreat63219498,@davivienda,Mencion,1
@andreat63219498,@wilsonariasc,Mencion,1
@andrenumpacosta,@andrescepeda,Mencion,1
@andrenumpacosta,@cinthyquinones,Mencion,1
@andrenumpacosta,@directvco,Mencion,1
@andrescepeda,@davivienda,Mencion,1
@andresgamezb,@davivienda,Mencion,2
@andresjuliodiaz,@davivienda,Mencion,1
@andresjuliodiaz,@ntcoral,Mencion,1
@andresleon16,@daviplata,Mencion,1
@andresleon16,@davivienda,Mencion,1
@andreslinanf,@davivienda,Mencion,1
@andreslinanf,@javierjmed,Mencion,1
@andreslopezrest,@davivienda,Mencion,1
@andreslopezrest,@germanayalaosor,Mencion,1
@andreslopezrest,@wilsonariasc,Mencion,1
@andresmania,@bvccolombia,Mencion,1
@andresmania,@palacios_andres,Mencion,1
@andresmejia_87,@maccenter,Mencion,1
@andresoso,@alexriascos,Mencion,1
@andresoso,@davivienda,Mencion,5
@andresoso,@diana_banana__,Mencion,1
@andresoso,@javierhtolosa,Mencion,1
@andresoso,@jorgefernando00,Mencion,1
@andresoso,@karlaarcila,Mencion,3
@andriver11,@agaviriau,Mencion,1
@andriver11,@revistasemana,Mencion,1
@andro1711,@pulzo,Mencion,1
@andy_olovi,@davivienda,Mencion,1
@angel91232299,@asnasalvaje,Mencion,1
@angel91232299,@davivienda,Mencion,1
@angel_rivera_n,@davivienda,Mencion,2
@angel_rivera_n,@sicsuper,Mencion,1
@angel_rivera_n,@uber_col,Mencion,2
@angel_rivera_n,@uber_support,Mencion,1
@angelamars,@catalba,Mencion,1
@angelamars,@davivienda,Mencion,1
@angelasantiagop,@davivienda,Mencion,1
@angelicaburitor,@finkp1oyd,Mencion,1
@angello0072,@davivienda,Mencion,1
@angello0072,@villanuevaguaj,Mencion,1
@angelmed82,@davivienda,Mencion,3
@angelmed82,@japuna7,Mencion,3
@angemar30,@andrescepeda,Mencion,1
@angemar30,@davivienda,Mencion,1
@anibaljosamador,@petrogustavo,Mencion,1
@anibaljosamador,@revistasemana,Mencion,1
@anmalomo25,@anmalomo25,Mencion,1
@antenagabriel,@davivienda,Mencion,1
@antenagabriel,@sfcsupervisor,Mencion,1
@anthonycrdona,@daniagonzalz,Mencion,1
@anthonycrdona,@delmyeliza1,Mencion,1
@anthonydealba8,@jovenesaccionco,Mencion,1
@apo18,@gabrielsantoscd,Mencion,1
@apoloc8,@daviplata,Mencion,1
@apoloc8,@davivienda,Mencion,1
@aposada151,@banco_avvillas,Mencion,1
@aposada151,@bancobogota,Mencion,1
@aposada151,@bancolombia,Mencion,1
@aposada151,@bbva,Mencion,1
@aposada151,@davivienda,Mencion,1
@aposada151,@katiaospino,Mencion,1
@aposadao3,@andresmania,Mencion,1
@arevaloguerr,@davivienda,Mencion,1
@arevaloguerr,@mariobotinat,Mencion,1
@ariasmoreno77,@davivienda,Mencion,1
@arleycubillos,@davivienda,Mencion,1
@arleycubillos,@sfcsupervisor,Mencion,1
@arte679pi128,@oizuluaga,Mencion,1
@arthurdux1,@carloscalero977,Mencion,3
@arthurdux1,@davivienda,Mencion,4
@arthurdux1,@wilsonariasc,Mencion,4
@arturoloboguer,@davivienda,Mencion,2
@arturoloboguer,@kt_leal,Mencion,1
@arturoloboguer,@sfcsupervisor,Mencion,1
@asiesmuyberraco,@davivienda,Mencion,1
@asiesmuyberraco,@wilsonariasc,Mencion,1
@askpaypal,@smoucchween,Mencion,2
@asnasalvaje,@davivienda,Mencion,2
@asnasalvaje,@espino39170328,Mencion,1
@asnasalvaje,@fueledbychangua,Mencion,1
@asnasalvaje,@humocolorazul,Mencion,2
@athenea1209ri,@jorgeizquierdo0,Mencion,1
@athenea1209ri,@monyrodriguezof,Mencion,1
@audiovisuarte,@davivienda,Mencion,1
@augusto29969111,@asnasalvaje,Mencion,1
@augusto29969111,@davivienda,Mencion,1
@aumapumu,@davidflorezmp,Mencion,1
@aumapumu,@davivienda,Mencion,1
@awr__bellin,@davivienda,Mencion,2
@awr__bellin,@nathygat7,Mencion,2
@awr__bellin,@wilsonariasc,Mencion,2
@azukrymiel,@asnasalvaje,Mencion,1
@azukrymiel,@davivienda,Mencion,1
@balvinparce,@davivienda,Mencion,1
@bancolombia,@anggi_avila,Mencion,1
@baotalva,@davivienda,Mencion,1
@basiiiska,@davivienda,Mencion,1
@basiiiska,@marianiniecheve,Mencion,1
@basiiiska,@segurosbolivar,Mencion,1
@batecad,@fiscaliacol,Mencion,2
@batecad,@gastonvelandia,Mencion,1
@batecad,@marianiniecheve,Mencion,2
@batecad,@melidardila,Mencion,1
@batecad,@sfcsupervisor,Mencion,2
@bavierafusion,@diegofdocaicedo,Mencion,1
@bavierafusion,@guinandsandra,Mencion,1
@bco_occidente,@davivienda,Mencion,1
@bco_occidente,@gleniiaaa,Mencion,2
@beatricegarzon,@juanadarco1,Mencion,1
@beatricegarzon,@manglero241,Mencion,1
@beatricemejias,@davivienda,Mencion,1
@beatriz14470382,@cedemocratico,Mencion,1
@benedettlora,@davivienda,Mencion,1
@benedettlora,@wilsonariasc,Mencion,1
@berzota,@cgr_colombia,Mencion,1
@berzota,@davivienda,Mencion,5
@berzota,@imadamesoleil,Mencion,1
@berzota,@jessie_dlp,Mencion,1
@berzota,@sfcsupervisor,Mencion,3
@bibihercastro,@davivienda,Mencion,1
@blan_charjavier,@avianca,Mencion,1
@blan_charjavier,@davivienda,Mencion,1
@blan_charjavier,@heliodoptero,Mencion,1
@blan_charjavier,@pactocol,Mencion,1
@blan_charjavier,@roybarreras,Mencion,1
@blan_charjavier,@wilsonariasc,Mencion,1
@blancadecorazon,@fornicarias,Mencion,1
@blancadecorazon,@nubia_ti,Mencion,1
@blancojk,@arenaalfa,Mencion,1
@blancojk,@torodearena,Mencion,1
@blueangel2021,@bancolombia,Mencion,1
@blueangel2021,@davivienda,Mencion,2
@bnnoticias2020,@caracoltv,Mencion,1
@bnnoticias2020,@noticiascaracol,Mencion,1
@bornacellijimmy,@binancees,Mencion,2
@bornacellijimmy,@binancehelpdesk,Mencion,2
@bornacellijimmy,@cachaful,Mencion,1
@bornacellijimmy,@cz_binance,Mencion,2
@bornacellijimmy,@edimejia1979,Mencion,2
@bornacellijimmy,@noticiasrcn,Mencion,1
@bostonwriterbs,@davivienda,Mencion,1
@bostonwriterbs,@johnthekidus,Mencion,1
@brendavmorales,@juanes,Mencion,1
@brisa7766433br1,@davivienda,Mencion,1
@brisa7766433br1,@jgstones,Mencion,1
@buenoluisfer,@davivienda,Mencion,2
@buonaseradde,@davivienda,Mencion,1
@burbano_fher,@davivienda,Mencion,1
@burbano_fher,@marianiniecheve,Mencion,1
@burbano_fher,@segurosbolivar,Mencion,1
@burbano_fher,@segurosmundial,Mencion,1
@bysindysanchez,@davivienda,Mencion,1
@c3sarc4mpos,@an4cr0s,Mencion,1
@c3sarc4mpos,@monyrodriguezof,Mencion,1
@caanve_,@davivienda,Mencion,2
@cachaful,@binance,Mencion,1
@cachaful,@binancees,Mencion,1
@cachaful,@edimejia1979,Mencion,1
@cacntentofu,@davivienda,Mencion,1
@calambrukas,@davivienda,Mencion,1
@calambrukas,@wilsonariasc,Mencion,1
@calfre_hdz,@_chivowallet192,Mencion,1
@calfre_hdz,@chivowallet,Mencion,1
@calfre_hdz,@gabsojitosverde,Mencion,1
@calfre_hdz,@ssf_elsalvador,Mencion,1
@calimonumental,@asodeporcali,Mencion,1
@calimonumental,@faber_acuria,Mencion,1
@cam_becerra01,@andres_ospinag,Mencion,1
@camilo_cf75,@mariaeandrade,Mencion,1
@camiloreina,@davivienda,Mencion,1
@camilosokka,@davivienda,Mencion,1
@camilosokka,@zooxantelaa,Mencion,1
@camilotique0,@davivienda,Mencion,1
@camilotique0,@wilsonariasc,Mencion,1
@camilovictorino,@susanacorreabor,Mencion,1
@camore0906,@davivienda,Mencion,1
@capocisf,@davivienda,Mencion,1
@capocisf,@wilsonariasc,Mencion,1
@cardenas_207,@daviplata,Mencion,1
@cardenas_207,@davivienda,Mencion,1
@cardenas_207,@sfcsupervisor,Mencion,1
@cardila28,@davivienda,Mencion,2
@caristi2,@caristi2,Mencion,1
@caristi2,@davivienda,Mencion,1
@caristi2,@wilsonariasc,Mencion,1
@carlitosecheve,@davivienda,Mencion,1
@carlitosecheve,@marianiniecheve,Mencion,1
@carlitosecheve,@segurosbolivar,Mencion,1
@carlosc30443031,@aidaavellae,Mencion,1
@carlosc30443031,@davivienda,Mencion,2
@carlosc30443031,@eljulisoquete,Mencion,1
@carlosc30443031,@sfcsupervisor,Mencion,2
@carloscalero977,@arthurdux1,Mencion,5
@carloscalero977,@carloscalero977,Mencion,2
@carloscalero977,@davivienda,Mencion,3
@carloscalero977,@wilsonariasc,Mencion,3
@carloschicamar1,@davivienda,Mencion,1
@carloschicamar1,@wilsonariasc,Mencion,1
@carlosdiazdc,@davivienda,Mencion,1
@carlosdiazdc,@marianiniecheve,Mencion,1
@carlosdiazdc,@segurosbolivar,Mencion,1
@carloseroserol1,@davivienda,Mencion,1
@carloseroserol1,@wilsonariasc,Mencion,1
@carlosfrancoald,@asnasalvaje,Mencion,1
@carlosfrancoald,@elsanidiarodrig,Mencion,1
@carloslabachuco,@davivienda,Mencion,1
@carlosm50862524,@davivienda,Mencion,1
@carlosm50862524,@wilsonariasc,Mencion,1
@carlosm68400999,@jovenesaccionco,Mencion,2
@carlosocorrea,@agmethescaf,Mencion,1
@carlosocorrea,@hugoleonelrojo,Mencion,1
@carolalovi,@davivienda,Mencion,2
@carolalovi,@mercadopago,Mencion,3
@carolin50385124,@davivienda,Mencion,1
@carolin50385124,@fernandhovilla,Mencion,1
@carolitagc_tuit,@davivienda,Mencion,1
@carolusferrum,@johngongo,Mencion,1
@carolusferrum,@oskar767,Mencion,1
@caroooooood,@davivienda,Mencion,1
@carorestrepoama,@davivienda,Mencion,1
@carsclauss,@carsclauss,Mencion,1
@carsclauss,@davivienda,Mencion,3
@castegol,@davivienda,Mencion,1
@castegol,@scotiacolpatria,Mencion,1
@castorsimone19,@asnasalvaje,Mencion,1
@castorsimone19,@davivienda,Mencion,3
@cavama23,@davivienda,Mencion,1
@cavama23,@josue_rozo,Mencion,1
@cayitanodaza,@davidbarguil,Mencion,2
@cayitanodaza,@nicolasmaduro,Mencion,1
@cayitanodaza,@petrogustavo,Mencion,1
@cayitanodaza,@piedadcordoba,Mencion,1
@cbulla2011,@eduardbernstei1,Mencion,1
@cbulla2011,@franciamarquezm,Mencion,1
@celenale,@davivienda,Mencion,1
@celenale,@nequi,Mencion,1
@celenale,@sfcsupervisor,Mencion,1
@centroamericae,@davivienda,Mencion,1
@cesarmh0310,@davivienda,Mencion,2
@cgcopywriter,@daviescucha,Mencion,2
@cgcopywriter,@sfcsupervisor,Mencion,2
@chagu523,@davivienda,Mencion,1
@chagu523,@telefonorojo,Mencion,1
@chaoticblue83,@negriet,Mencion,1
@chaveronia,@davivienda,Mencion,1
@chaveronia,@negriet,Mencion,1
@chilingo69,@convergenza12,Mencion,1
@chilingo69,@mandreanieto,Mencion,1
@chocjosem,@augustoocampo,Mencion,1
@chocjosem,@marianiniecheve,Mencion,1
@chocjosem,@sfcsupervisor,Mencion,1
@cinthyquinones,@andrescepeda,Mencion,1
@cinthyquinones,@caracoltv,Mencion,1
@cinthyquinones,@davivienda,Mencion,1
@ciudada79082533,@mandreanieto,Mencion,1
@ciudadano_k,@cafenofilo,Mencion,1
@ciudadano_k,@hanso_hasashi_,Mencion,1
@cjulianlozano,@davivienda,Mencion,1
@ckandres,@davivienda,Mencion,3
@ckandres,@sfcsupervisor,Mencion,1
@clau74141,@davivienda,Mencion,3
@claudia_esq,@baccredomaticcr,Mencion,1
@claudia_esq,@bnmascerca,Mencion,1
@claudia_esq,@davivienda,Mencion,1
@claudiabla7,@davivienda,Mencion,3
@claudiabla7,@lauraggils,Mencion,2
@claudiabla7,@r_de_alicantino,Mencion,1
@claumigor,@davivienda,Mencion,1
@cnoguera20,@daviplata,Mencion,32
@cnoguera20,@davivienda,Mencion,41
@cnoguera20,@sfcsupervisor,Mencion,6
@cnoguera20,@velascoluisf,Mencion,1
@cochita417,@davivienda,Mencion,2
@coconito72,@davivienda,Mencion,1
@coconito72,@wilsonariasc,Mencion,1
@cocoroto12,@daviescucha,Mencion,1
@cocoroto12,@daviplata,Mencion,1
@cocoroto12,@davivienda,Mencion,1
@col_incorrecto,@realmalpa4ever,Mencion,1
@collazos60,@davivienda,Mencion,1
@collazos60,@marianiniecheve,Mencion,1
@collazos60,@segurosbolivar,Mencion,1
@colombiaagg,@marianiniecheve,Mencion,1
@colombiaagg,@melidardila,Mencion,1
@colsubsidio_ofi,@bancofinandina,Mencion,1
@colsubsidio_ofi,@davivienda,Mencion,1
@colsubsidio_ofi,@hyperconectado,Mencion,1
@contesta_tario,@davivienda,Mencion,2
@contesta_tario,@nubank,Mencion,1
@convergenza12,@mandreanieto,Mencion,1
@coraznverde11,@americadecali,Mencion,1
@coraznverde11,@elpetisoarango,Mencion,1
@coraznverde11,@millosfcoficial,Mencion,1
@corinestrellada,@davivienda,Mencion,1
@corinestrellada,@leandro_adame,Mencion,1
@corinestrellada,@wilsonariasc,Mencion,1
@cortezaby1,@manuelmente,Mencion,1
@costis58,@davivienda,Mencion,3
@credibanco_,@davivienda,Mencion,1
@credibanco_,@johnfredyrico,Mencion,1
@cristina_veedor,@davivienda,Mencion,1
@cristina_veedor,@marianiniecheve,Mencion,1
@cristina_veedor,@segurosbolivar,Mencion,1
@croactibo,@davivienda,Mencion,2
@croactibo,@karlaarcila,Mencion,1
@ctlnblnc,@davivienda,Mencion,1
@ctlnblnc,@laaura_gooomez,Mencion,1
@cu1cu2ta,@davivienda,Mencion,1
@cu1cu2ta,@sfcsupervisor,Mencion,1
@cymaniatico,@almacenesexito,Mencion,2
@cymaniatico,@apple,Mencion,1
@cymaniatico,@davivienda,Mencion,1
@cymaniatico,@javierjmed,Mencion,1
@d1egomoreno,@davivienda,Mencion,1
@d32g4mr,@davivienda,Mencion,1
@dagoluiscarlos,@chivowallet,Mencion,1
@dagoluiscarlos,@hsaenzm,Mencion,1
@dairoacuna,@davivienda,Mencion,1
@dairoacuna,@wilsonariasc,Mencion,1
@damarismarino,@andreanimalidad,Mencion,1
@damarismarino,@ecuantica,Mencion,1
@damarismarino,@efectomirringo,Mencion,1
@damarismarino,@elquelosdelata,Mencion,1
@damarismarino,@hypatiahurtado,Mencion,1
@damarismarino,@isazuleta,Mencion,1
@damarismarino,@somosraya,Mencion,1
@damarismarino,@yerlymozo,Mencion,1
@damcolombia,@davivienda,Mencion,1
@dandressilva01,@blvckpool,Mencion,1
@daniabdelnur,@davivienda,Mencion,1
@daniabdelnur,@sebastianregino,Mencion,1
@daniel_lugo17,@bancolombia,Mencion,1
@daniel_lugo17,@davivienda,Mencion,1
@daniel_vasquezb,@davivienda,Mencion,1
@daniel_vasquezb,@sfcsupervisor,Mencion,1
@daniellavinas10,@davivienda,Mencion,1
@danielp78061978,@binance,Mencion,3
@danielp78061978,@danielp78061978,Mencion,1
@danielp78061978,@davivienda,Mencion,4
@danielp78061978,@edimejia1979,Mencion,3
@danielp78061978,@noticiasrcn,Mencion,4
@danig8503,@davivienda,Mencion,1
@danigrisafi27,@nanysfer,Mencion,1
@dannykrd,@davivienda,Mencion,3
@dantevalleta,@davivienda,Mencion,1
@danytorresang,@bancolombia,Mencion,2
@danytorresang,@davivienda,Mencion,2
@danytorresang,@wzkcwq4ven0bfcy,Mencion,1
@darioortegah,@alvarouribevel,Mencion,1
@darioortegah,@ernestomaciast,Mencion,1
@dashvzla,@davivienda,Mencion,1
@dataifx,@davicorredores,Mencion,6
@dataifx,@davivienda,Mencion,1
@davemendezl,@davidpaz_09,Mencion,1
@davemendezl,@davivienda,Mencion,1
@davemendezl,@jabp008,Mencion,1
@davicorredores,@christian_bvc,Mencion,2
@davicorredores,@daviescucha,Mencion,1
@davicorredores,@davivienda,Mencion,5
@davicorredores,@germancrstancho,Mencion,2
@davicorredores,@ivan_abc,Mencion,4
@davicorredores,@joseosome,Mencion,2
@davicorredores,@nicolastovarz,Mencion,2
@davicorredores,@polombiano88,Mencion,2
@davicorredores,@sfcsupervisor,Mencion,1
@davicorredores,@sicsuper,Mencion,1
@david72995006,@karentralara,Mencion,2
@david72995006,@metrodemedellin,Mencion,1
@davidapelaez,@davivienda,Mencion,1
@davidfarmenta,@davidfarmenta,Mencion,1
@davidfarmenta,@juanitoduque22,Mencion,1
@davidfarmenta,@marcela_azul,Mencion,1
@davidflorezmp,@davivienda,Mencion,1
@davidol48778231,@binance,Mencion,1
@davidol48778231,@binancees,Mencion,1
@davidol48778231,@cz_binance,Mencion,1
@davidol48778231,@edimejia1979,Mencion,1
@davidol48778231,@elbitcoin,Mencion,1
@davidpaz_09,@davivienda,Mencion,2
@davidpaz_09,@jabp008,Mencion,1
@daviescucha,@adamaltadill,Mencion,1
@daviescucha,@bigdatero,Mencion,1
@daviescucha,@polombiano88,Mencion,1
@daviescucha,@rigo8524,Mencion,1
@daviescucha,@totogomez25,Mencion,2
@daviescucha,@zildride,Mencion,1
@davila_davila49,@cristoatado,Mencion,1
@davila_davila49,@davivienda,Mencion,1
@daviplata,@_cavernicola_,Mencion,1
@davivienda,@_____juanse,Mencion,1
@davivienda,@adissbisss,Mencion,1
@davivienda,@adrismc_,Mencion,1
@davivienda,@alemercado4,Mencion,1
@davivienda,@alexandervg0,Mencion,1
@davivienda,@alfredmaggiore,Mencion,1
@davivienda,@almafuerteyvino,Mencion,1
@davivienda,@amazopau,Mencion,1
@davivienda,@amindiazmorales,Mencion,1
@davivienda,@aminmejiam,Mencion,1
@davivienda,@ammb_2000,Mencion,1
@davivienda,@an4cr0s,Mencion,1
@davivienda,@anbztht,Mencion,1
@davivienda,@andresgamezb,Mencion,1
@davivienda,@andresjuliodiaz,Mencion,1
@davivienda,@andresoso,Mencion,1
@davivienda,@andrew941204,Mencion,1
@davivienda,@angel_rivera_n,Mencion,1
@davivienda,@angelamars,Mencion,1
@davivienda,@angelasantiagop,Mencion,1
@davivienda,@avianca,Mencion,1
@davivienda,@bahini_s,Mencion,1
@davivienda,@balvinparce,Mencion,1
@davivienda,@berzota,Mencion,1
@davivienda,@byronehr,Mencion,1
@davivienda,@camilanocorre,Mencion,1
@davivienda,@campoecamacho,Mencion,1
@davivienda,@caracolradio,Mencion,1
@davivienda,@caraleo,Mencion,1
@davivienda,@cardila28,Mencion,1
@davivienda,@carlocastellar,Mencion,1
@davivienda,@carlosgrosso1,Mencion,1
@davivienda,@carolinaibanezs,Mencion,1
@davivienda,@cesarmh0310,Mencion,1
@davivienda,@ciudadano_k,Mencion,1
@davivienda,@clau74141,Mencion,1
@davivienda,@claumigor,Mencion,1
@davivienda,@cnoguera20,Mencion,6
@davivienda,@contesta_tario,Mencion,1
@davivienda,@cosmodakitten,Mencion,1
@davivienda,@cristalrealm,Mencion,1
@davivienda,@d1egomoreno,Mencion,1
@davivienda,@dannyelcentauro,Mencion,1
@davivienda,@dannykrd,Mencion,3
@davivienda,@davidapelaez,Mencion,2
@davivienda,@daviempleo,Mencion,1
@davivienda,@ddom1975,Mencion,1
@davivienda,@deibyfandino,Mencion,1
@davivienda,@del_litoral,Mencion,2
@davivienda,@developer_ia,Mencion,1
@davivienda,@dfdelcastillo,Mencion,1
@davivienda,@diana_banana__,Mencion,1
@davivienda,@dianamortimer,Mencion,1
@davivienda,@dianhagr,Mencion,2
@davivienda,@diegoruix,Mencion,2
@davivienda,@digestefan,Mencion,1
@davivienda,@duberpaez,Mencion,1
@davivienda,@econsulteam,Mencion,1
@davivienda,@eddwinzz,Mencion,1
@davivienda,@edovago,Mencion,1
@davivienda,@eduardcenteno,Mencion,1
@davivienda,@el_toposo,Mencion,1
@davivienda,@elgatoyirri,Mencion,1
@davivienda,@elianagomezf,Mencion,2
@davivienda,@elizabe18211242,Mencion,1
@davivienda,@elvalleselvalle,Mencion,1
@davivienda,@enkunfuncion,Mencion,2
@davivienda,@enlineabvc,Mencion,1
@davivienda,@enzovil45091798,Mencion,1
@davivienda,@erikasu_18,Mencion,1
@davivienda,@error404col,Mencion,2
@davivienda,@estella92,Mencion,1
@davivienda,@fabiofernandoh1,Mencion,2
@davivienda,@fabioladuquegon,Mencion,1
@davivienda,@fdoatehortua,Mencion,1
@davivienda,@felipe200248,Mencion,1
@davivienda,@fiigueeroa,Mencion,2
@davivienda,@fodorjoseff,Mencion,1
@davivienda,@framial,Mencion,1
@davivienda,@gallardoso,Mencion,1
@davivienda,@ginasaboyal,Mencion,1
@davivienda,@ginnita95,Mencion,2
@davivienda,@giovannirincon,Mencion,1
@davivienda,@gleniiaaa,Mencion,2
@davivienda,@godolaxo,Mencion,1
@davivienda,@gomezcz,Mencion,1
@davivienda,@hachejota_rl,Mencion,1
@davivienda,@hallucination_l,Mencion,1
@davivienda,@hania_paternina,Mencion,2
@davivienda,@hanso_hasashi_,Mencion,1
@davivienda,@hardvaylor,Mencion,1
@davivienda,@hc_naty,Mencion,1
@davivienda,@heinervelsquez,Mencion,1
@davivienda,@hernandezhermes,Mencion,1
@davivienda,@hijo_de_nix,Mencion,1
@davivienda,@ifeel_sosad,Mencion,1
@davivienda,@iguanita1972,Mencion,1
@davivienda,@iknowyouwantmyk,Mencion,1
@davivienda,@ingsis_john,Mencion,1
@davivienda,@intensamenteket,Mencion,1
@davivienda,@isabelav67,Mencion,1
@davivienda,@ivanmon95389245,Mencion,1
@davivienda,@ivanrodriguez7m,Mencion,1
@davivienda,@jahsc12,Mencion,1
@davivienda,@jaimegarzon1986,Mencion,1
@davivienda,@jaimemolina,Mencion,2
@davivienda,@japaricio21,Mencion,2
@davivienda,@jdavidm81,Mencion,2
@davivienda,@jfgartner007,Mencion,1
@davivienda,@jhanperezok,Mencion,1
@davivienda,@jim244857,Mencion,1
@davivienda,@jkarlosrp,Mencion,1
@davivienda,@johanam00425654,Mencion,1
@davivienda,@josefe71,Mencion,2
@davivienda,@josjime94206566,Mencion,2
@davivienda,@jp_oviedop,Mencion,1
@davivienda,@juanbucareli,Mencion,1
@davivienda,@juanduribe61,Mencion,1
@davivienda,@juanskulll,Mencion,2
@davivienda,@juniorduque2012,Mencion,1
@davivienda,@karenmontaa13,Mencion,1
@davivienda,@karlaarcila,Mencion,2
@davivienda,@krn_sbe,Mencion,1
@davivienda,@laam1983,Mencion,1
@davivienda,@labduls,Mencion,1
@davivienda,@lalita_giraldo,Mencion,1
@davivienda,@lamaizita,Mencion,1
@davivienda,@laurahuyo,Mencion,2
@davivienda,@laurigarzon,Mencion,1
@davivienda,@laurikihazza,Mencion,1
@davivienda,@leoenciso4,Mencion,1
@davivienda,@lilianacastromu,Mencion,1
@davivienda,@lilodelavega,Mencion,1
@davivienda,@lisvanegas07,Mencion,1
@davivienda,@lonch222,Mencion,1
@davivienda,@lssshhhhh,Mencion,2
@davivienda,@lucasfriedmanjr,Mencion,1
@davivienda,@lupitaesfeliz,Mencion,1
@davivienda,@macarinam,Mencion,1
@davivienda,@maicho1,Mencion,1
@davivienda,@manu03paez,Mencion,1
@davivienda,@manuel_civil,Mencion,1
@davivienda,@manuelvasquez_1,Mencion,1
@davivienda,@marianiniecheve,Mencion,1
@davivienda,@marlonfcr96,Mencion,1
@davivienda,@marvitof,Mencion,1
@davivienda,@matiquizaya,Mencion,2
@davivienda,@mauricio27124,Mencion,1
@davivienda,@maurolarrea2,Mencion,1
@davivienda,@mediopeque,Mencion,1
@davivienda,@melissaceball,Mencion,1
@davivienda,@micovicienta,Mencion,1
@davivienda,@milivillalobos,Mencion,1
@davivienda,@misislatierna,Mencion,1
@davivienda,@mnirgg,Mencion,1
@davivienda,@monicaphiguera,Mencion,1
@davivienda,@mrtwentyoficial,Mencion,1
@davivienda,@n_lemus,Mencion,1
@davivienda,@nataliabonnett,Mencion,1
@davivienda,@nathygquirogac,Mencion,1
@davivienda,@navascarola,Mencion,1
@davivienda,@nbanata,Mencion,1
@davivienda,@negriet,Mencion,1
@davivienda,@nelsonsanamay,Mencion,1
@davivienda,@nenarrazola,Mencion,1
@davivienda,@niplataninada,Mencion,1
@davivienda,@nixonperezm,Mencion,3
@davivienda,@nogriten,Mencion,1
@davivienda,@noridaoficial,Mencion,1
@davivienda,@noslenshoesk,Mencion,1
@davivienda,@ntcoral,Mencion,2
@davivienda,@oliver_valbuena,Mencion,1
@davivienda,@omitar69,Mencion,1
@davivienda,@pensil00,Mencion,1
@davivienda,@pepalf,Mencion,1
@davivienda,@perenguena,Mencion,1
@davivienda,@pollomar09,Mencion,1
@davivienda,@polombiano88,Mencion,1
@davivienda,@psic000sis,Mencion,1
@davivienda,@psycomano97,Mencion,1
@davivienda,@radiologiaepige,Mencion,1
@davivienda,@rafaelmartang,Mencion,1
@davivienda,@renlopezs,Mencion,1
@davivienda,@robertoriverosa,Mencion,1
@davivienda,@rolariza,Mencion,1
@davivienda,@rubendgomez78,Mencion,1
@davivienda,@rubiapsicologa,Mencion,2
@davivienda,@sabaezd,Mencion,1
@davivienda,@sago2022,Mencion,3
@davivienda,@santiagovargasn,Mencion,1
@davivienda,@senorasalvaje,Mencion,2
@davivienda,@sergiogomezf,Mencion,3
@davivienda,@sfcsupervisor,Mencion,1
@davivienda,@snowqly,Mencion,1
@davivienda,@solky54,Mencion,1
@davivienda,@soniajannethba,Mencion,1
@davivienda,@soylinapordios,Mencion,1
@davivienda,@t18506496,Mencion,1
@davivienda,@tajoha145,Mencion,1
@davivienda,@tidespaz,Mencion,1
@davivienda,@totogomez25,Mencion,2
@davivienda,@tufaviorito,Mencion,1
@davivienda,@valenncardona,Mencion,1
@davivienda,@vanesanchez89,Mencion,1
@davivienda,@victoriamejiam,Mencion,1
@davivienda,@vivigarciap,Mencion,1
@davivienda,@wilirboa,Mencion,1
@davivienda,@zildride,Mencion,2
@davosla,@alejand36202857,Mencion,1
@davosla,@mitiatere,Mencion,1
@dcuevasr,@davivienda,Mencion,1
@dcuevasr,@wilsonariasc,Mencion,1
@ddom1975,@davivienda,Mencion,1
@defenderslaws,@asnasalvaje,Mencion,1
@defenderslaws,@bancolombia,Mencion,1
@defenderslaws,@davivienda,Mencion,1
@deftvergara05,@daviplata,Mencion,2
@deftvergara05,@davivienda,Mencion,1
@deftvergara05,@lorecastrooo,Mencion,2
@deibyfandino,@davivienda,Mencion,1
@dejentantocuent,@daviplata,Mencion,2
@dejentantocuent,@davivienda,Mencion,2
@dejentantocuent,@sfcsupervisor,Mencion,2
@detectivetakagi,@maurocardenas27,Mencion,1
@deusvul17500461,@johnthekidus,Mencion,1
@developer_ia,@davivienda,Mencion,2
@developer_ia,@rauldanielmono,Mencion,1
@dfdelcastillo,@davivienda,Mencion,1
@diacarocharo,@ml_ayuda,Mencion,1
@dianacarogarca,@asnasalvaje,Mencion,2
@dianacarogarca,@davivienda,Mencion,2
@dianacarogarca,@locorrecto4,Mencion,1
@dianalunareja,@catalba,Mencion,1
@dianalunareja,@davivienda,Mencion,1
@dianamortimer,@davivienda,Mencion,1
@dianariveras,@davivienda,Mencion,1
@dianariveras,@ez2000co,Mencion,1
@dianariveras,@karlaarcila,Mencion,1
@dianhagr,@davivienda,Mencion,4
@dianimcortes,@pepitoscruton,Mencion,1
@dianitarz,@bancolombia,Mencion,1
@dianitarz,@davivienda,Mencion,1
@didier_eliecer,@nacionaloficial,Mencion,1
@didier_eliecer,@pilarvelasquezv,Mencion,1
@diegoabernal,@davivienda,Mencion,1
@diegoaguilar93,@davivienda,Mencion,1
@diegoaguilar93,@rafapardop,Mencion,1
@diegoeacevedo,@davivienda,Mencion,1
@diegofdocaicedo,@davivienda,Mencion,2
@diegofdocaicedo,@guinandsandra,Mencion,1
@diegofdocaicedo,@sfcsupervisor,Mencion,3
@diegogermn4,@davivienda,Mencion,1
@diegogermn4,@wilsonariasc,Mencion,1
@diegoposadae,@davivienda,Mencion,1
@diegoposadae,@ggutier7,Mencion,1
@diegorbaquero,@daviescucha,Mencion,1
@diegorbaquero,@davivienda,Mencion,1
@difecapo,@davivienda,Mencion,1
@difecapo,@saltamontes___,Mencion,1
@difesape,@davivienda,Mencion,1
@difesape,@sfcsupervisor,Mencion,1
@digitalbogota,@davivienda,Mencion,1
@dinerocomsv,@davivienda,Mencion,1
@dinho50948094,@davivienda,Mencion,1
@dinho50948094,@nathygat7,Mencion,1
@dinho50948094,@supersalud,Mencion,1
@dinho50948094,@uchlsistemas,Mencion,1
@dinho50948094,@wilsonariasc,Mencion,2
@diosesoler,@8389amanda,Mencion,1
@diosesoler,@davivienda,Mencion,1
@diosesoler,@juanadarco1,Mencion,2
@diosesoler,@manglero241,Mencion,2
@diosesoler,@wilsonariasc,Mencion,1
@distimicaa,@daviplata,Mencion,2
@distimicaa,@davivienda,Mencion,1
@distimicaa,@distimicaa,Mencion,1
@distimicaa,@sfcsupervisor,Mencion,1
@dndjpg,@davivienda,Mencion,1
@donluiseduardo,@itamaria83,Mencion,1
@dorjuelad,@asnasalvaje,Mencion,1
@dorjuelad,@davivienda,Mencion,1
@dougdav,@davivienda,Mencion,1
@dra_pepitas,@davivienda,Mencion,1
@drcata,@davivienda,Mencion,3
@drcata,@drcata,Mencion,1
@drcata,@sergior90565208,Mencion,1
@drcata,@sfcsupervisor,Mencion,2
@drkevmora,@davivienda,Mencion,1
@drkevmora,@falabella_co,Mencion,1
@drkevmora,@monyrodriguezof,Mencion,1
@drkevmora,@sicsuper,Mencion,1
@dsanclemente219,@davivienda,Mencion,1
@duberpaez,@davivienda,Mencion,2
@duckonebta,@davivienda,Mencion,2
@duckonebta,@sfcsupervisor,Mencion,1
@duendevvverde,@hsaenzm,Mencion,1
@duquevpolombia,@chris_montz,Mencion,1
@duquevpolombia,@thekingx4ever,Mencion,1
@eamdelquindio,@banco_avvillas,Mencion,1
@eamdelquindio,@bancolombia,Mencion,1
@eamdelquindio,@bancopichincha,Mencion,1
@eamdelquindio,@cooservunal,Mencion,1
@eamdelquindio,@davivienda,Mencion,1
@eamdelquindio,@ic,Mencion,1
@easy_consulteam,@davivienda,Mencion,1
@ebaquero65,@berzota,Mencion,1
@ebaquero65,@davivienda,Mencion,1
@ebaquero65,@nennyahn,Mencion,1
@ebliinreyes,@bbva_colombia,Mencion,1
@ebliinreyes,@ilich2586,Mencion,1
@ebliinreyes,@susanacorreabor,Mencion,1
@eddwinzz,@davivienda,Mencion,2
@edhesse1,@zona_inversion,Mencion,1
@edimejia1979,@binance,Mencion,7
@edimejia1979,@binancees,Mencion,2
@edimejia1979,@cachaful,Mencion,1
@edimejia1979,@caracolnoticias_,Mencion,3
@edimejia1979,@cz_binance,Mencion,4
@edimejia1979,@davivienda,Mencion,9
@edimejia1979,@jcecheverrycol,Mencion,1
@edimejia1979,@noticiasrcn,Mencion,5
@edisonceballosg,@asnasalvaje,Mencion,1
@edisonceballosg,@davivienda,Mencion,1
@edisongv15,@davivienda,Mencion,1
@edisongv15,@wilsonariasc,Mencion,1
@edjavier67,@johnthekidus,Mencion,1
@edmemo,@andrescepeda,Mencion,1
@edmemo,@davivienda,Mencion,1
@edovago,@bancolombia,Mencion,1
@edovago,@davivienda,Mencion,1
@edualvrz21,@karol_pascuass,Mencion,1
@eduardcenteno,@davivienda,Mencion,2
@eduardcenteno,@eduardcenteno,Mencion,1
@eduardcenteno,@sfcsupervisor,Mencion,1
@eduardcenteno,@wilsonariasc,Mencion,2
@eduardocastro_m,@davivienda,Mencion,1
@edwinal83526126,@daviplata,Mencion,1
@edwinbohorqueza,@daviplata,Mencion,1
@edwinbohorqueza,@davivienda,Mencion,1
@edwinrisu10,@nxttxdxyy,Mencion,1
@efabian_angel,@davivienda,Mencion,1
@efabian_angel,@sicresponde,Mencion,1
@efe_elleon,@davivienda,Mencion,1
@efectyoficial,@elizabethgarrot,Mencion,1
@el_magdaniel,@el_magdaniel,Mencion,1
@el_magdaniel,@pepadeguama1,Mencion,1
@elbarragancris,@netflixlat,Mencion,1
@elcadete1994,@davivienda,Mencion,1
@elcadete1994,@wilsonariasc,Mencion,1
@eldespelucao,@andreincolombia,Mencion,1
@elgatoyirri,@davivienda,Mencion,1
@elhual84,@asnasalvaje,Mencion,1
@elianagomezf,@davivienda,Mencion,2
@eliaribol,@davivienda,Mencion,1
@eliaribol,@wilsonariasc,Mencion,1
@elizabe18211242,@davivienda,Mencion,2
@eljulisoquete,@asnasalvaje,Mencion,1
@eljulisoquete,@davivienda,Mencion,5
@eljulisoquete,@sfcsupervisor,Mencion,1
@elkioskolibros,@davivienda,Mencion,1
@elkioskolibros,@monyrodriguezof,Mencion,1
@elmasgodo,@lidio_dominante,Mencion,1
@elmasgodo,@mymaliciagatuna,Mencion,1
@elmerokin,@cepaz_2,Mencion,1
@elmerokin,@jackematee,Mencion,1
@elmerokin,@retros_rarezas,Mencion,1
@elmerre38815161,@waraujo64,Mencion,1
@elpalabrista,@davivienda,Mencion,1
@elrealistacolon,@davivienda,Mencion,2
@elrealistacolon,@marianiniecheve,Mencion,1
@elrealistacolon,@segurosbolivar,Mencion,1
@elreporterocali,@7iggo,Mencion,3
@elreporterocali,@davivienda,Mencion,3
@elreporterocali,@gustavobolivar,Mencion,1
@elreporterocali,@petrogustavo,Mencion,1
@elsebas1030,@daviplata,Mencion,1
@elsebas1030,@davivienda,Mencion,1
@elsuperboy1995,@davivienda,Mencion,2
@elsuperboy1995,@wilsonariasc,Mencion,2
@eltata3,@davivienda,Mencion,1
@emedefran,@davivienda,Mencion,2
@emedefran,@marianiniecheve,Mencion,1
@emedefran,@segurosbolivar,Mencion,2
@emijosearrieta,@nequi,Mencion,1
@encoronavirao20,@garciacolorad0,Mencion,1
@enisberto,@daviplata,Mencion,2
@enisberto,@davivienda,Mencion,2
@enisberto,@edildiaz1501,Mencion,1
@enkunfuncion,@davivienda,Mencion,2
@enlamira_sv,@davivienda,Mencion,1
@enlineabvc,@davivienda,Mencion,1
@enlineabvc,@monicaphiguera,Mencion,1
@enlineabvc,@sfcsupervisor,Mencion,1
@enriquedelgadop,@alreves22,Mencion,1
@enriquedelgadop,@claucarma1,Mencion,1
@enriquedelgadop,@davivienda,Mencion,6
@enriquedelgadop,@martha1257,Mencion,1
@enriquedelgadop,@nacho04a,Mencion,1
@enriquedelgadop,@socialario,Mencion,1
@enriquedelgadop,@wilsonariasc,Mencion,13
@enterocoliticas,@langarita2,Mencion,1
@enterocoliticas,@zimonrock,Mencion,1
@enzovil45091798,@davivienda,Mencion,2
@epicurea88,@taltalivan,Mencion,1
@equipobarguil,@bancolombia,Mencion,1
@equipobarguil,@davidbarguil,Mencion,1
@equipobarguil,@davivienda,Mencion,1
@equipobarguil,@eltiempo,Mencion,1
@equipobarguil,@grupoaval,Mencion,1
@erickramoshdez,@cathyjuvinao,Mencion,1
@erickramoshdez,@juliocesarolay8,Mencion,1
@erikasu_18,@davivienda,Mencion,1
@erikatobonr,@bancolombia,Mencion,1
@erikatobonr,@davivienda,Mencion,1
@erikatobonr,@higuitaandres,Mencion,1
@erikatown,@davivienda,Mencion,1
@erobregonm,@davivienda,Mencion,2
@erobregonm,@fiscaliacol,Mencion,1
@error404col,@davivienda,Mencion,1
@escptica4,@asnasalvaje,Mencion,1
@escptica4,@davivienda,Mencion,1
@espino39170328,@asnasalvaje,Mencion,1
@espino39170328,@humocolorazul,Mencion,1
@estella92,@asnasalvaje,Mencion,1
@estella92,@davivienda,Mencion,3
@esther_sl1,@cinthyquinones,Mencion,1
@esther_sl1,@davivienda,Mencion,1
@etuchenco,@davivienda,Mencion,1
@etuchenco,@marianiniecheve,Mencion,1
@etuchenco,@segurosbolivar,Mencion,1
@eugeguzm,@davivienda,Mencion,1
@eugeguzm,@wilsonariasc,Mencion,1
@eugeniamass57,@edr_cd,Mencion,1
@ez2000co,@davivienda,Mencion,1
@ez2000co,@karlaarcila,Mencion,1
@fabian99sw,@pablomoon06,Mencion,1
@fabianrenecast1,@an4cr0s,Mencion,1
@fabianrenecast1,@monyrodriguezof,Mencion,1
@fabianriosarias,@pikhq,Mencion,1
@fabinprieto9,@davivienda,Mencion,3
@fabinprieto9,@marianiniecheve,Mencion,1
@fabinprieto9,@segurosbolivar,Mencion,1
@fabiofernandoh1,@daviplata,Mencion,6
@fabiofernandoh1,@davivienda,Mencion,9
@fabiofernandoh1,@monajaneth,Mencion,1
@fabiofernandoh1,@sfcsupervisor,Mencion,5
@fabioladuquegon,@davivienda,Mencion,2
@fabioladuquegon,@jorge_montreal,Mencion,1
@fabiomorales21,@andreshurtado_7,Mencion,1
@fabiomorales21,@davivienda,Mencion,1
@fabydiez,@asnasalvaje,Mencion,1
@fabydiez,@davivienda,Mencion,1
@fainfundacion,@fainfundacion,Mencion,1
@falabella_co,@julioorozco29,Mencion,1
@falabella_co,@movistarco,Mencion,1
@falavi2005,@bienes_cali,Mencion,1
@falavi2005,@oscarvillani,Mencion,1
@falavi2005,@telepacificotv,Mencion,1
@felinox1199,@asnasalvaje,Mencion,1
@felinox1199,@davivienda,Mencion,2
@felipe200248,@davivienda,Mencion,2
@felipe200248,@marianiniecheve,Mencion,1
@felipe200248,@segurosbolivar,Mencion,1
@felipe_ruiz10,@davivienda,Mencion,1
@felipejfray,@johnthekidus,Mencion,1
@felipel88764878,@edimejia1979,Mencion,1
@felipel88764878,@noticiasrcn,Mencion,1
@felipes20403088,@davivienda,Mencion,1
@felipes20403088,@wilsonariasc,Mencion,1
@feliznegrito,@yopucheros,Mencion,1
@ferchitosalgado,@aabenedetti,Mencion,1
@ferchitosalgado,@petrogustavo,Mencion,1
@ferchokli1,@davivienda,Mencion,1
@ferchokli1,@karlaarcila,Mencion,1
@fergomezr28,@davivienda,Mencion,2
@fernandhovilla,@binance,Mencion,1
@fernandhovilla,@davivienda,Mencion,1
@fernandhovilla,@digitalbuzzfab,Mencion,1
@fernandhovilla,@edimejia1979,Mencion,3
@fernandhovilla,@noticiasrcn,Mencion,2
@ferreir_andres,@actualidadpanam,Mencion,1
@ferreir_andres,@davivienda,Mencion,1
@ferreir_andres,@marianiniecheve,Mencion,1
@ferreir_andres,@segurosbolivar,Mencion,1
@fgalindoh,@fgalindoh,Mencion,1
@fgalindoh,@sebastian___1,Mencion,1
@fiigueeroa,@davivienda,Mencion,3
@fiigueeroa,@fiigueeroa,Mencion,1
@finagro,@davivienda,Mencion,1
@finagro,@finagro,Mencion,1
@florenciadenis_,@gnrlmvm,Mencion,1
@florenciadenis_,@jpvillamil8,Mencion,1
@florenciadenis_,@juanpabloisazap,Mencion,1
@florenciadenis_,@moratbanda,Mencion,1
@florenciadenis_,@simonvargasm,Mencion,1
@fmarinl63,@davivienda,Mencion,1
@fmarinl63,@wilsonariasc,Mencion,1
@fodorjoseff,@davivienda,Mencion,1
@fonsiparra,@davivienda,Mencion,3
@franki_el_gallo,@davivienda,Mencion,1
@franki_el_gallo,@wilsonariasc,Mencion,1
@fundacionbd,@andrescepeda,Mencion,3
@fundacionbd,@davivienda,Mencion,3
@fundemas,@davivienda,Mencion,1
@fundemas,@giz_gmbh,Mencion,1
@g__________b,@ml_ayuda,Mencion,1
@galeano1230,@augustoocampo,Mencion,1
@galeano1230,@marianiniecheve,Mencion,1
@gallardoso,@davivienda,Mencion,1
@garciaricardon,@davivienda,Mencion,1
@garciaricardon,@rozobeto,Mencion,1
@garnic_cesar,@daviplata,Mencion,2
@garnic_cesar,@davivienda,Mencion,1
@garnic_cesar,@pombo_s,Mencion,1
@garnic_cesar,@sfcsupervisor,Mencion,1
@gattocol,@augustoocampo,Mencion,1
@gattocol,@marianiniecheve,Mencion,1
@gbaquerorincon,@asiesmuyberraco,Mencion,1
@gbaquerorincon,@davivienda,Mencion,5
@gbaquerorincon,@jorge_montreal,Mencion,1
@gbaquerorincon,@pukyseshotmail1,Mencion,1
@gbaquerorincon,@wilsonariasc,Mencion,4
@gdbaskerville,@ashima7,Mencion,1
@gdbaskerville,@davivienda,Mencion,1
@gelitoazul,@blueangel2021,Mencion,1
@germanr96438901,@davivienda,Mencion,1
@germanr96438901,@metro,Mencion,1
@germanr96438901,@metrodemedellin,Mencion,3
@germanr96438901,@ruta_n,Mencion,3
@gersongaona,@davivienda,Mencion,1
@geryduran,@davivienda,Mencion,2
@geryduran,@telefonorojo,Mencion,1
@ggutier7,@davivienda,Mencion,1
@giannymeacuerdo,@davivienda,Mencion,1
@giannymeacuerdo,@lilodelavega,Mencion,1
@gilbert3429,@palmaedwin,Mencion,1
@gilbert3429,@petrogustavo,Mencion,1
@gimenalaina,@nequi,Mencion,2
@ginahoyosmarin1,@davivienda,Mencion,1
@ginahoyosmarin1,@sfcsupervisor,Mencion,1
@ginahoyosmarin1,@sicsuper,Mencion,1
@ginasaboyal,@davivienda,Mencion,1
@ginasaboyal,@jesica_dlp,Mencion,1
@giniisss,@jovenesaccionco,Mencion,1
@giniisss,@prosperidadcol,Mencion,1
@giniisss,@rosamlopeze,Mencion,1
@ginnita95,@cardila28,Mencion,1
@ginnita95,@davivienda,Mencion,2
@giogarcia82,@davivienda,Mencion,1
@giogarcia82,@defensoria_910,Mencion,1
@giogarcia82,@ssf_elsalvador,Mencion,1
@gleniiaaa,@banco_avvillas,Mencion,1
@gleniiaaa,@bancodebogota,Mencion,1
@gleniiaaa,@bancolombia,Mencion,1
@gleniiaaa,@bco_occidente,Mencion,2
@gleniiaaa,@davivienda,Mencion,2
@gleniiaaa,@scotiacolpatria,Mencion,1
@gloriaceci9,@daviplata,Mencion,1
@gloriaceci9,@davivienda,Mencion,1
@glorodrineche,@davivienda,Mencion,1
@glorodrineche,@johanulloaa,Mencion,1
@gmercado2,@davivienda,Mencion,1
@gmercado2,@marianiniecheve,Mencion,1
@gmercado2,@segurosbolivar,Mencion,1
@godolaxo,@davivienda,Mencion,5
@gomezcz,@davivienda,Mencion,1
@gordiflonchis,@davivienda,Mencion,1
@gordiflonchis,@marianiniecheve,Mencion,1
@gordiflonchis,@segurosbolivar,Mencion,1
@goroleyend,@asnasalvaje,Mencion,1
@goroleyend,@davivienda,Mencion,1
@goroleyend,@martha_urrego,Mencion,1
@gray,@fenixulloavp,Mencion,1
@gray,@hsaenzm,Mencion,1
@guidurang,@davivienda,Mencion,1
@guillehergil,@nayibbukele,Mencion,1
@guilloromeros,@ciencuadras,Mencion,4
@guilloromeros,@davivienda,Mencion,4
@guilloromeros,@innovabolivar,Mencion,2
@guilloromeros,@mbcomunicacion,Mencion,1
@guilloromeros,@priradiotv,Mencion,2
@guilloromeros,@prisaradio,Mencion,1
@guilloromeros,@ricardocipago,Mencion,2
@guilloromeros,@segurosbolivar,Mencion,3
@guilloromeros,@troya_noticias,Mencion,3
@guinandsandra,@davivienda,Mencion,3
@guinandsandra,@sfcsupervisor,Mencion,3
@gustavoandreigo,@javieredu826,Mencion,1
@gutierrezluis_,@daviplata,Mencion,2
@gutierrezluis_,@davivienda,Mencion,2
@gutierrezluis_,@prosperidadcol,Mencion,2
@hachejota_rl,@davivienda,Mencion,1
@hanct74,@edocote,Mencion,1
@hanct74,@rcnradio,Mencion,1
@hania_paternina,@davivienda,Mencion,2
@hanso_hasashi_,@asnasalvaje,Mencion,1
@hanso_hasashi_,@cafenofilo,Mencion,1
@hanso_hasashi_,@davivienda,Mencion,1
@hapipe,@migueluribet,Mencion,1
@haroldeduardov2,@davivienda,Mencion,2
@haroldeduardov2,@sfcsupervisor,Mencion,1
@haroldeduardov2,@sicsuper,Mencion,1
@haroldvacca,@davivienda,Mencion,1
@haroldvacca,@wilsonariasc,Mencion,1
@hc_naty,@davivienda,Mencion,1
@hectorrmoralesb,@davivienda,Mencion,1
@heidyyolandaca4,@davivienda,Mencion,1
@heinervelsquez,@davivienda,Mencion,1
@heliasacostar1,@ragnar3823,Mencion,1
@henryaropero,@ccsilva86,Mencion,1
@henryaropero,@claudiamzuleta,Mencion,1
@henryaropero,@quintinquinter,Mencion,1
@henryloz23,@ivanteacher69,Mencion,1
@henryloz23,@petrogustavo,Mencion,1
@henryzepeda9,@mquintanillae,Mencion,1
@herley_guerrero,@davivienda,Mencion,1
@hernand20004619,@extratiempoco,Mencion,1
@hernand20004619,@serpra72,Mencion,1
@hernand20004619,@yamidamatcmi,Mencion,1
@hernandezhermes,@davivienda,Mencion,1
@heybercito,@davivienda,Mencion,1
@hijo_de_nix,@davivienda,Mencion,1
@hijodelsur1,@asnasalvaje,Mencion,1
@hijodelsur1,@davivienda,Mencion,2
@hipr80,@akanesita01,Mencion,1
@hipr80,@marianiniecheve,Mencion,1
@histoprogrammer,@davivienda,Mencion,1
@hmarcop,@davivienda,Mencion,2
@hreyesp1,@jcecheverrycol,Mencion,1
@hugomor15355236,@joseriosalcalde,Mencion,1
@hugonavarromeza,@davivienda,Mencion,2
@humocolorazul,@asnasalvaje,Mencion,1
@humocolorazul,@davivienda,Mencion,1
@humocolorazul,@fueledbychangua,Mencion,1
@hyperconectado,@bancofinandina,Mencion,2
@hyperconectado,@colsubsidio_ofi,Mencion,2
@hyperconectado,@davivienda,Mencion,2
@hypnus1003,@davivienda,Mencion,2
@iam_crisfer,@davivienda,Mencion,4
@iam_crisfer,@iam_crisfer,Mencion,1
@iam_crisfer,@sfcsupervisor,Mencion,2
@iamtoulouse22,@davivienda,Mencion,1
@iamtoulouse22,@juanbucareli,Mencion,1
@iamtoulouse22,@paulaenelalma,Mencion,1
@ibragea,@danielmedinan,Mencion,1
@iceludwig,@bancodebogota,Mencion,1
@iceludwig,@davivienda,Mencion,1
@iceludwig,@sfcsupervisor,Mencion,1
@ifeel_sosad,@davivienda,Mencion,1
@iguanita1972,@bancolombia,Mencion,1
@iguanita1972,@davivienda,Mencion,3
@iguanita1972,@nenarrazola,Mencion,1
@iharavgmz,@vannesapinedam4,Mencion,1
@iknowyouwantmyk,@augustoocampo,Mencion,1
@iknowyouwantmyk,@marianiniecheve,Mencion,1
@ilich2586,@banco_avvillas,Mencion,1
@ilich2586,@bancoagrario,Mencion,1
@ilich2586,@bbva,Mencion,1
@ilich2586,@davivienda,Mencion,1
@ilich2586,@ebliinreyes,Mencion,1
@ilich2586,@susanacorreabor,Mencion,2
@ilsonjavier,@roybarreras,Mencion,1
@imadamesoleil,@berzota,Mencion,1
@imadamesoleil,@maaa_masala,Mencion,1
@ingeoysis,@edr_cd,Mencion,1
@isper51,@davivienda,Mencion,1
@isper51,@wilsonariasc,Mencion,1
@israelbanda07,@martinsantosr,Mencion,2
@ithanmayorca,@daviplata,Mencion,2
@ithanmayorca,@davivienda,Mencion,3
@ithanmayorca,@fiscaliacol,Mencion,1
@ivajuk,@bancosaval,Mencion,1
@ivajuk,@julianaramirez6,Mencion,1
@ivan5259,@davivienda,Mencion,1
@ivan_abc,@davicorredores,Mencion,1
@ivan_abc,@davivienda,Mencion,2
@ivan_abc,@germancrstancho,Mencion,1
@ivanernestocruz,@davivienda,Mencion,1
@ivanernestocruz,@esteesmitweet,Mencion,1
@ivanernestocruz,@wendys_sv,Mencion,1
@ivanmon95389245,@davivienda,Mencion,3
@ivanrodriguez7m,@davivienda,Mencion,1
@ivanrodriguez7m,@ingsis_john,Mencion,1
@ivantema,@davivienda,Mencion,1
@ivantema,@marianiniecheve,Mencion,1
@ivantema,@segurosbolivar,Mencion,1
@ivantoba,@davivienda,Mencion,1
@ivantoba,@sfcsupervisor,Mencion,1
@jacketbe,@bancolombia,Mencion,1
@jacketbe,@daviplata,Mencion,1
@jacketbe,@davivienda,Mencion,1
@jacketbe,@nequi,Mencion,1
@jafria6,@davivienda,Mencion,1
@jafria6,@marucha3847,Mencion,1
@jafria6,@wilsonariasc,Mencion,1
@jahelisflorez6,@mariogiraldor,Mencion,1
@jahlemale,@davivienda,Mencion,1
@jahsc12,@davivienda,Mencion,4
@jahsc12,@sfcsupervisor,Mencion,1
@jaimecloudman,@diariobitcoin,Mencion,1
@jaimecloudman,@edimejia1979,Mencion,1
@jaimegenes,@btcandres,Mencion,1
@jaimemolina,@davivienda,Mencion,2
@jairoaospinaz,@elikitty_33,Mencion,1
@jairoaospinaz,@marianiniecheve,Mencion,1
@jairocassiani,@davivienda,Mencion,1
@jairohurtadoa,@davivienda,Mencion,1
@jairohurtadoa,@kfccolombia,Mencion,1
@jairohurtadoa,@sicsuper,Mencion,1
@janya75,@davivienda,Mencion,1
@japaricio21,@davivienda,Mencion,1
@japuna7,@angelmed82,Mencion,2
@japuna7,@davivienda,Mencion,3
@javi21145790,@bbva,Mencion,1
@javi21145790,@proferickb,Mencion,1
@javi21145790,@scotiacolpatria,Mencion,1
@javieradaime,@davivienda,Mencion,1
@javieradaime,@jerobledo,Mencion,1
@javieradaime,@legobo_,Mencion,1
@javierhtolosa,@davivienda,Mencion,1
@javierhtolosa,@karlaarcila,Mencion,1
@javierjmed,@alejocoqui,Mencion,2
@javierjmed,@davivienda,Mencion,3
@javierlopezbel6,@lucholarrompe,Mencion,1
@javierlopezbel6,@margaritarosadf,Mencion,1
@javierojeda1971,@davivienda,Mencion,1
@javierr_1982,@davivienda,Mencion,1
@javierr_1982,@marianiniecheve,Mencion,1
@javierr_1982,@segurosbolivar,Mencion,1
@javiersilva0826,@misslesleywolf,Mencion,1
@jc_zuluaga,@daviplata,Mencion,2
@jc_zuluaga,@davivienda,Mencion,1
@jcastroc90,@davivienda,Mencion,1
@jcordobaa,@davivienda,Mencion,1
@jcordobaa,@marianiniecheve,Mencion,1
@jcordobaa,@segurosbolivar,Mencion,1
@jcortes1967,@jcortes1967,Mencion,1
@jcortes1967,@sebastiannohra,Mencion,1
@jcs_sports,@davivienda,Mencion,1
@jdavidm81,@davivienda,Mencion,1
@jdcr_4,@davivienda,Mencion,1
@jema200021,@hugosal16633467,Mencion,1
@jema200021,@marianabalague7,Mencion,1
@jema200021,@petrogustavo,Mencion,1
@jennya_c,@daviplata,Mencion,1
@jennya_c,@pinnktomatte,Mencion,1
@jergonzalez,@davivienda,Mencion,2
@jergonzalez,@jergonzalez,Mencion,1
@jergonzalez,@marianiniecheve,Mencion,2
@jergonzalez,@segurosbolivar,Mencion,1
@jesualmar1,@camara_dorada,Mencion,1
@jesualmar1,@ccladorada,Mencion,1
@jesualmar1,@crpandemonium,Mencion,1
@jesualmar1,@davivienda,Mencion,1
@jesualmar1,@jesualmar1,Mencion,1
@jesualmar1,@sicsuper,Mencion,1
@jfelipebernal,@davivienda,Mencion,1
@jfelipebernal,@maccenter,Mencion,1
@jfgartner007,@davivienda,Mencion,3
@jfgartner007,@enterco,Mencion,1
@jgp61067249,@panajane,Mencion,1
@jhank_c,@davivienda,Mencion,1
@jhenaotorres,@bcofalabellaco,Mencion,1
@jhenaotorres,@davivienda,Mencion,1
@jhenaotorres,@hec10rl,Mencion,1
@jhonnysmithmusi,@andreshurtado_7,Mencion,1
@jhonnysmithmusi,@davivienda,Mencion,1
@jhonsont3,@asnasalvaje,Mencion,1
@jhonsont3,@davivienda,Mencion,1
@jhonsont3,@jokeraton,Mencion,1
@jhonwilmarhenao,@472colombia,Mencion,1
@jhonwilmarhenao,@ghitis,Mencion,1
@jhumope,@davivienda,Mencion,1
@jhumope,@jorge_montreal,Mencion,1
@jim244857,@davivienda,Mencion,1
@jimeneztjuan,@claudialopez,Mencion,1
@jjaramilloblt,@asobancaria,Mencion,1
@jjaramilloblt,@cgr_colombia,Mencion,1
@jjaramilloblt,@davivienda,Mencion,1
@jjaramilloblt,@defensoriacol,Mencion,1
@jjdiazm65,@bancolombia,Mencion,1
@jjdiazm65,@davivienda,Mencion,2
@jjdiazm65,@estella92,Mencion,1
@jjdiazm65,@fiscaliacol,Mencion,1
@jjdiazm65,@ramirezclawyer,Mencion,1
@jneirazuarez,@davivienda,Mencion,1
@jneirazuarez,@wilsonariasc,Mencion,1
@joacoro,@bancolombia,Mencion,7
@joacoro,@davivienda,Mencion,8
@joacoro,@sfcsupervisor,Mencion,2
@joanburgos,@cochita417,Mencion,1
@joanburgos,@davivienda,Mencion,2
@johanam00425654,@davivienda,Mencion,1
@johanam00425654,@sago2022,Mencion,1
@johangon_19,@bancolombia,Mencion,1
@johangon_19,@carlos60285427,Mencion,2
@johangon_19,@davivienda,Mencion,1
@johangon_19,@soycaste,Mencion,1
@johanqc777,@davidbarguil,Mencion,1
@johanqc777,@ligadirectv,Mencion,1
@johanstiven,@davivienda,Mencion,1
@johanstiven,@jessie_dlp,Mencion,1
@johantriana,@davivienda,Mencion,3
@johantriana,@segurosbolivar,Mencion,2
@johnbermudezg,@bancodebogota,Mencion,1
@johnbermudezg,@bancoldex,Mencion,1
@johnbermudezg,@bancopichincha,Mencion,1
@johnbermudezg,@davivienda,Mencion,1
@johnfredyrico,@credibanco_,Mencion,1
@johnfredyrico,@davivienda,Mencion,1
@johnjai77,@davivienda,Mencion,1
@johnjairope,@carlosc30443031,Mencion,1
@johnjairope,@daviplata,Mencion,1
@johnjairope,@davivienda,Mencion,3
@johnjairope,@larepublica_co,Mencion,1
@johnsonmtb,@asobancaria,Mencion,1
@johnsonmtb,@bancorepublica,Mencion,6
@johnsonmtb,@daviplata,Mencion,8
@johnsonmtb,@davivienda,Mencion,4
@johnsonmtb,@johnsonmtb,Mencion,3
@johnsonmtb,@sfcsupervisor,Mencion,4
@johnsonmtb,@sicsuper,Mencion,8
@johnsonmtb,@superservicios,Mencion,6
@jolmangomez,@davivienda,Mencion,1
@jonathandazac,@carlosh1975,Mencion,1
@jonathandazac,@davivienda,Mencion,1
@joquic1289,@auracardonafans,Mencion,1
@joquic1289,@davivienda,Mencion,2
@joquic1289,@efe_elleon,Mencion,1
@joquic1289,@madridistaasin0,Mencion,1
@joquic1289,@polombianodbien,Mencion,1
@jorge_lagos93,@chandyreyes,Mencion,1
@jorge_yepes,@davivienda,Mencion,1
@jorge_yepes,@metrodemedellin,Mencion,1
@jorge_yepes,@ruta_n,Mencion,1
@jorgeacruzr,@davivienda,Mencion,1
@jorgeernestour1,@davivienda,Mencion,1
@jorgeernestour1,@marianiniecheve,Mencion,1
@jorgeernestour1,@segurosbolivar,Mencion,1
@jorgeizquierdo0,@monyrodriguezof,Mencion,1
@jorgelfince,@davivienda,Mencion,1
@jorgemaichel,@enriquepenalosa,Mencion,1
@jorgeramirezn_,@metrodemedellin,Mencion,1
@josdomi61675825,@barrile37043017,Mencion,1
@josdomi61675825,@maribelvasquezj,Mencion,1
@jose19692800346,@bascobscd,Mencion,1
@joseagudelo,@johnthekidus,Mencion,1
@josecastanj,@binance,Mencion,1
@josecastanj,@danielp78061978,Mencion,1
@josecastanj,@davivienda,Mencion,3
@josecastanj,@edimejia1979,Mencion,4
@josecastanj,@fernandhovilla,Mencion,1
@josecastanj,@noticiasrcn,Mencion,2
@josefe71,@davivienda,Mencion,1
@josefe71,@karlaarcila,Mencion,1
@joseluiswilche1,@lopera9021,Mencion,1
@joseluiswilche1,@yessidalvarez,Mencion,1
@josembm,@davivienda,Mencion,1
@josepbennet,@davivienda,Mencion,1
@josepbennet,@marianiniecheve,Mencion,1
@josepbennet,@segurosbolivar,Mencion,1
@josevas43726879,@cojutenoticias,Mencion,1
@josjime94206566,@davivienda,Mencion,2
@josluis37800209,@proferickb,Mencion,1
@josluis37800209,@scotiacolpatria,Mencion,1
@jota__ferro,@davivienda,Mencion,2
@jota__ferro,@nubank,Mencion,1
@jotatecaleno,@davivienda,Mencion,2
@jrmunozjimenez,@davivienda,Mencion,1
@jrmunozjimenez,@plazacentralccb,Mencion,1
@jsbgm,@bancolombia,Mencion,1
@jsbgm,@davivienda,Mencion,2
@jsbgm,@itaucol,Mencion,1
@jsbgm,@juank1388,Mencion,1
@jsoumtp,@asnasalvaje,Mencion,1
@jsoumtp,@davivienda,Mencion,1
@juan_moralesp,@cancilleriacol,Mencion,1
@juan_paez021,@porras_german,Mencion,1
@juan_paez021,@wilfer_sandoval,Mencion,1
@juanadarco1,@davivienda,Mencion,1
@juanadarco1,@diosesoler,Mencion,2
@juanadarco1,@manglero241,Mencion,2
@juanadarco1,@myrdur,Mencion,1
@juanadarco1,@wilsonariasc,Mencion,1
@juanagud3l0,@jesisiri,Mencion,1
@juanargu78,@davivienda,Mencion,1
@juanargu78,@wilsonariasc,Mencion,1
@juanariask8,@mariaca0211,Mencion,1
@juanbedoya73,@davivienda,Mencion,1
@juanbucareli,@davivienda,Mencion,1
@juanbucareli,@paulaenelalma,Mencion,1
@juancamilog85,@davivienda,Mencion,1
@juancamilog85,@el_tesoro,Mencion,1
@juancamilomate7,@daviplata,Mencion,1
@juancamilomate7,@davivienda,Mencion,1
@juancamilomate7,@rappipay,Mencion,1
@juancamilomate7,@sfcsupervisor,Mencion,1
@juancar00622780,@davivienda,Mencion,1
@juancar00622780,@dijo,Mencion,1
@juancar00622780,@mis,Mencion,1
@juancorderoofic,@davivienda,Mencion,1
@juandromero,@mandreanieto,Mencion,1
@juandromero,@valenti48370428,Mencion,1
@juanduribe61,@davivienda,Mencion,1
@juanes941,@jeonpark_jp,Mencion,1
@juanes941,@jovenesaccionco,Mencion,1
@juanes941,@prosperidadcol,Mencion,1
@juanjoseht07,@davivienda,Mencion,1
@juankacero,@davivienda,Mencion,1
@juankacero,@sfcsupervisor,Mencion,1
@juankaramelo72,@asnasalvaje,Mencion,1
@juankaramelo72,@augustoocampo,Mencion,1
@juankaramelo72,@davivienda,Mencion,1
@juankaramelo72,@marianiniecheve,Mencion,1
@juanma7725,@alexmesa17,Mencion,2
@juanma7725,@binance,Mencion,6
@juanma7725,@binancehelpdesk,Mencion,2
@juanma7725,@cachaful,Mencion,1
@juanma7725,@cz_binance,Mencion,1
@juanma7725,@davivienda,Mencion,4
@juanma7725,@edimejia1979,Mencion,5
@juanma7725,@fernandhovilla,Mencion,1
@juanma7725,@juanma7725,Mencion,1
@juanma7725,@luisfer45684347,Mencion,1
@juanma7725,@noticiasrcn,Mencion,3
@juano191,@davivienda,Mencion,1
@juano191,@sicsuper,Mencion,1
@juanpcalderon,@davivienda,Mencion,2
@juanper62225640,@daniagonzalz,Mencion,1
@juanper62225640,@davivienda,Mencion,1
@juanper62225640,@maribelvasquezj,Mencion,1
@juanpsegurar,@davemendezl,Mencion,1
@juanpsegurar,@davidpaz_09,Mencion,1
@juanpsegurar,@davivienda,Mencion,1
@juansanchez314,@todos_putoos,Mencion,1
@juanserios87,@davivienda,Mencion,1
@juanserios87,@sfcsupervisor,Mencion,1
@juanskulll,@davivienda,Mencion,4
@juanskulll,@sicsuper,Mencion,1
@juantailsb9,@davemendezl,Mencion,1
@juantailsb9,@davivienda,Mencion,1
@judaco23,@davivienda,Mencion,1
@julianac1987,@davivienda,Mencion,1
@julianamatamor6,@elprofetara1,Mencion,1
@julianamatamor6,@marianiniecheve,Mencion,1
@julianaussa3,@daviplata,Mencion,1
@julianaussa3,@davivienda,Mencion,1
@julianaussa3,@rappipay,Mencion,1
@julianm998,@davivienda,Mencion,1
@julianotalora,@davivienda,Mencion,1
@juliantorontys,@davivienda,Mencion,1
@julioorozco29,@alkosto,Mencion,1
@julioorozco29,@clarocolombia,Mencion,1
@julioorozco29,@claroteayuda,Mencion,1
@julioorozco29,@daviplata,Mencion,1
@julioorozco29,@davivienda,Mencion,1
@julioorozco29,@falabella_co,Mencion,2
@julioorozco29,@movistarco,Mencion,3
@jull_mar,@wintorabc,Mencion,1
@jumijo1977,@davivienda,Mencion,1
@juniorduque2012,@bancolombia,Mencion,1
@juniorduque2012,@davivienda,Mencion,2
@juriberoldan,@davivienda,Mencion,1
@justocorazon,@rommelmoral,Mencion,1
@juxnmx,@davivienda,Mencion,1
@juxnmx,@diana_banana__,Mencion,1
@jvivi25,@davivienda,Mencion,3
@kamo_cortes,@bancolombia,Mencion,1
@kamo_cortes,@davivienda,Mencion,2
@kamo_cortes,@javierjmed,Mencion,1
@karen67729611,@daviplata,Mencion,1
@karen67729611,@davivienda,Mencion,1
@karen67729611,@gutierrezluis,Mencion,1
@karen67729611,@gutierrezluis_,Mencion,1
@karentralara,@davivienda,Mencion,1
@karlaarcila,@davivienda,Mencion,5
@karlaarcila,@ladelavid,Mencion,2
@karlaarcila,@lilymontesr,Mencion,1
@kaseinky,@davivienda,Mencion,2
@kaseinky,@fiscaliacol,Mencion,1
@kaseinky,@osorious,Mencion,1
@kaseinky,@twitter,Mencion,1
@katalexia,@davivienda,Mencion,1
@katalexia,@srt_toloza,Mencion,1
@katapereza,@davivienda,Mencion,1
@katapereza,@r_omerita,Mencion,1
@kelly07940884,@davivienda,Mencion,2
@kelly07940884,@wintorabc,Mencion,1
@kellybm4,@davivienda,Mencion,1
@kellybm4,@jorge_montreal,Mencion,1
@kennygautier30,@asodeporcali,Mencion,1
@kennygautier30,@winsportstv,Mencion,1
@kienyke,@bancolombia,Mencion,1
@kienyke,@bbva,Mencion,1
@kienyke,@davivienda,Mencion,1
@kikeriv70865382,@camdesantatecla,Mencion,1
@kikeriv70865382,@henryfloresst,Mencion,1
@kikeriv70865382,@santateclasv,Mencion,1
@kitty_pinzon,@davivienda,Mencion,1
@kitty_pinzon,@readloverspcj,Mencion,1
@kitty_pinzon,@villamilmarlene,Mencion,1
@klovn,@asnasalvaje,Mencion,1
@klovn,@davivienda,Mencion,1
@kmilavillada,@davivienda,Mencion,3
@korkoban1,@davivienda,Mencion,1
@ktheebg,@davivienda,Mencion,1
@kukysjr,@davivienda,Mencion,1
@l30nardoi,@daviplata,Mencion,1
@l30nardoi,@yousexonfire,Mencion,1
@la_republica,@davivienda,Mencion,2
@labduls,@davivienda,Mencion,1
@lacaneviph,@joseleoso,Mencion,1
@lacaneviph,@nequi,Mencion,1
@ladelavid,@davivienda,Mencion,3
@ladelavid,@karlaarcila,Mencion,3
@lady26guerrero,@daviplata,Mencion,2
@lady26guerrero,@davivienda,Mencion,1
@lady26guerrero,@sfcsupervisor,Mencion,1
@lagb58,@davivienda,Mencion,1
@lahondadedavid1,@davivienda,Mencion,1
@lahondadedavid1,@soscomputercali,Mencion,1
@lahondadedavid1,@wilsonariasc,Mencion,1
@lalita_giraldo,@davivienda,Mencion,1
@lalo853,@joel_andrus,Mencion,1
@lalo853,@woars1,Mencion,1
@lamaizita,@davivienda,Mencion,1
@lamismacoste,@davivienda,Mencion,1
@langarita2,@enterocoliticas,Mencion,1
@langarita2,@zimonrock,Mencion,1
@lapacifika,@asnasalvaje,Mencion,1
@lapacifika,@davivienda,Mencion,1
@laumarlon,@davivienda,Mencion,1
@lauragtovar1,@davivienda,Mencion,2
@lauragtovar1,@fiscaliacol,Mencion,1
@lauragtovar1,@lafm,Mencion,1
@lauragtovar1,@unaloficial,Mencion,1
@laurahuyo,@davivienda,Mencion,1
@laurigarzon,@davivienda,Mencion,1
@laurikihazza,@davivienda,Mencion,1
@lebensm_ude,@davivienda,Mencion,1
@ledoleon,@davivienda,Mencion,1
@leidyssuarez11,@davivienda,Mencion,1
@leoalco,@davivienda,Mencion,1
@leobettinnn,@davivienda,Mencion,1
@leoenciso4,@davivienda,Mencion,1
@leonciomarines,@asnasalvaje,Mencion,1
@leonciomarines,@vivanlasflores,Mencion,1
@lgiraldo99,@osorio1109,Mencion,1
@liberen_a_willy,@daviplata,Mencion,3
@liberen_a_willy,@davivienda,Mencion,3
@liberen_a_willy,@liberen_a_willy,Mencion,1
@ligadirectv,@davidbarguil,Mencion,1
@ligadirectv,@davivienda,Mencion,1
@ligadirectv,@lizcordoba20,Mencion,1
@liloct,@davivienda,Mencion,1
@liloct,@error404col,Mencion,1
@lilodelavega,@davivienda,Mencion,2
@liloramirez,@davivienda,Mencion,1
@lilymontesr,@davivienda,Mencion,1
@lilymontesr,@karlaarcila,Mencion,1
@linpinzon,@davivienda,Mencion,1
@linpinzon,@karlaarcila,Mencion,1
@lisvanegas07,@davivienda,Mencion,2
@litbaski,@soyaliciafranco,Mencion,1
@lizgirasol,@davivienda,Mencion,1
@lizgirasol,@wilsonariasc,Mencion,1
@lizhenao,@davivienda,Mencion,1
@lmap9725,@davivienda,Mencion,2
@loespino1,@maribelvasquezj,Mencion,1
@londonomd,@elektramx,Mencion,1
@londonomd,@ricardobsalinas,Mencion,1
@looperdesignco,@error404col,Mencion,1
@lopez65,@davivienda,Mencion,4
@lopez65,@lopez65,Mencion,1
@lopez65,@noticia_lopez65,Mencion,1
@lopez65,@ssf_elsalvador,Mencion,3
@lorecastrooo,@daviplata,Mencion,2
@lorecastrooo,@davivienda,Mencion,2
@lorecastrooo,@deftvergara05,Mencion,2
@lssshhhhh,@davivienda,Mencion,1
@lualizmo1957,@davivienda,Mencion,1
@lualizmo1957,@wilsonariasc,Mencion,1
@lucasfriedmanjr,@davivienda,Mencion,1
@lucerina57,@alvaroallanos,Mencion,1
@lucerina57,@jorgeivanospina,Mencion,1
@lucholarrompe,@andrsfelipeca10,Mencion,1
@lucholarrompe,@margaritarosadf,Mencion,1
@luchonuevavida,@perroacuadros,Mencion,1
@lucris20,@luisamenesesv,Mencion,1
@ludyh3rnand3z,@daviplata,Mencion,1
@ludyh3rnand3z,@davivienda,Mencion,1
@ludyh3rnand3z,@susanacorreabor,Mencion,1
@luis31_pty,@davivienda,Mencion,1
@luis31_pty,@davivienda_pan,Mencion,1
@luisaciro,@davivienda,Mencion,1
@luisfe52515822,@daviplata,Mencion,1
@luisfe52515822,@davivienda,Mencion,1
@luisfe52515822,@sicsuper,Mencion,1
@luisfeacostasan,@davivienda,Mencion,1
@luisfeacostasan,@kt_leal,Mencion,1
@luisfer45684347,@binance,Mencion,2
@luisfer45684347,@binancees,Mencion,1
@luisfer45684347,@davivienda,Mencion,1
@luisfer45684347,@edimejia1979,Mencion,2
@luisfer45684347,@noticiascaracoltv,Mencion,1
@luisfer45684347,@noticiasrcn,Mencion,2
@luiskp10,@fnaraujor,Mencion,1
@luismistake1,@asnasalvaje,Mencion,1
@luismistake1,@davivienda,Mencion,1
@luisnunezz,@yeimosquera,Mencion,1
@luisquinteroru2,@davivienda,Mencion,1
@luisquinteroru2,@fdoatehortua,Mencion,1
@lulibeet,@daviplata,Mencion,1
@lulibeet,@davivienda,Mencion,1
@lulibeet,@sicsuper,Mencion,1
@lupitaesfeliz,@davivienda,Mencion,1
@luzmonina,@davivienda,Mencion,1
@luzmonina,@nathygat7,Mencion,1
@luzmonina,@wilsonariasc,Mencion,1
@macarinam,@davivienda,Mencion,1
@macavipe_,@bancolombia,Mencion,1
@macavipe_,@cairolinha,Mencion,2
@macavipe_,@davivienda,Mencion,1
@macavipe_,@don_mengano,Mencion,1
@madridistaasin0,@davivienda,Mencion,1
@mafequinalzate,@ak47thelegend,Mencion,1
@mafequinalzate,@asnasalvaje,Mencion,1
@mafequinalzate,@davivienda,Mencion,1
@maggievontrier,@daviplata,Mencion,1
@maggievontrier,@davivienda,Mencion,1
@maggievontrier,@larepublica_co,Mencion,1
@magragu_,@amezquit2angela,Mencion,1
@magragu_,@marianiniecheve,Mencion,1
@majo27794550,@davivienda,Mencion,1
@malejanietobuu,@davivienda,Mencion,1
@malenis0424,@juandromero,Mencion,1
@malenis0424,@mandreanieto,Mencion,1
@malubodeh,@andreincolombia,Mencion,1
@mamomar43,@davivienda,Mencion,1
@manglero241,@diosesoler,Mencion,3
@manglero241,@juanadarco1,Mencion,2
@manglero241,@wilsonariasc,Mencion,1
@manolito1295,@davivienda,Mencion,1
@manuel_civil,@davivienda,Mencion,1
@manuel_civil,@sfcsupervisor,Mencion,1
@manuelr25906528,@margaritarosadf,Mencion,1
@manuelvasquez_1,@daviplata,Mencion,3
@manuelvasquez_1,@davivienda,Mencion,4
@manuelvasquez_1,@sicsuper,Mencion,1
@maobum,@davivienda,Mencion,1
@maobum,@wilsonariasc,Mencion,1
@maracuya_pura,@davivienda,Mencion,1
@marceamejia,@daviplata,Mencion,1
@marceamejia,@davivienda,Mencion,1
@marcelavanegasp,@davivienda,Mencion,1
@marcelodiserie,@daviescucha,Mencion,1
@marcelodiserie,@davivienda,Mencion,1
@marcemarcefs,@bancolombia,Mencion,1
@marcemarcefs,@davivienda,Mencion,1
@marcemarcefs,@ricardo_londono,Mencion,1
@marcemarcefs,@zuletalleras,Mencion,1
@marcsuarez18,@asnasalvaje,Mencion,1
@marcsuarez18,@davivienda,Mencion,1
@marcsuarez18,@pereiraypereira,Mencion,1
@mareacamila,@bancolombia,Mencion,3
@mareacamila,@davivienda,Mencion,2
@mareacamila,@mareacamila,Mencion,1
@mareacamila,@nequi,Mencion,1
@margari99552800,@carlitosecheve,Mencion,1
@margari99552800,@marianiniecheve,Mencion,1
@margasca57,@davivienda,Mencion,1
@maria_andreap,@davivienda,Mencion,3
@maria_andreap,@sfcsupervisor,Mencion,1
@mariamargiraldo,@andrescepeda,Mencion,2
@mariamargiraldo,@caracoltv,Mencion,1
@mariamargiraldo,@davivienda,Mencion,2
@marianarozop,@bancolombia,Mencion,1
@marianarozop,@davivienda,Mencion,1
@marianarozop,@sfcsupervisor,Mencion,1
@marianiniecheve,@davivienda,Mencion,1
@marianiniecheve,@segurosbolivar,Mencion,1
@mariapaolalugo2,@caracolradio,Mencion,1
@mariapaolalugo2,@jcecheverrycol,Mencion,2
@mariapaolalugo2,@lasillavacia,Mencion,1
@mariapaolalugo2,@mariapaolalugo2,Mencion,1
@mariasintiide,@daviplata,Mencion,1
@mariasintiide,@juxndiego,Mencion,1
@mariasintiide,@nequi,Mencion,1
@marin29679110,@davivienda,Mencion,1
@marinobogota1,@davivienda,Mencion,1
@marinobogota1,@lauraggils,Mencion,1
@mario23martinez,@daniagonzalz,Mencion,1
@mario23martinez,@lahuellasv,Mencion,1
@mario23martinez,@williamsorianoh,Mencion,1
@marlons95907100,@daviplata,Mencion,1
@martha1257,@davivienda,Mencion,1
@martha1257,@enriquedelgadop,Mencion,1
@martha1257,@wilsonariasc,Mencion,1
@marthac06003113,@cristia56444419,Mencion,1
@marthac06003113,@mafecarrascal,Mencion,1
@marthac06003113,@monvelt,Mencion,1
@martinquinco,@davivienda,Mencion,1
@martinquinco,@karlaarcila,Mencion,1
@marucha3847,@davivienda,Mencion,1
@marucha3847,@wilsonariasc,Mencion,1
@maryalexperliz,@bancosaval,Mencion,1
@maryalexperliz,@davivienda,Mencion,1
@mateomanrique82,@ximenaramirezg,Mencion,1
@matiquizaya,@davivienda,Mencion,1
@matiquizaya,@defensoria_910,Mencion,1
@mauriciobenjum5,@davivienda,Mencion,1
@mauriciobenjum5,@wilsonariasc,Mencion,1
@maximocono2020,@bancodebogota,Mencion,1
@maximocono2020,@davivienda,Mencion,1
@maximocono2020,@wilsonariasc,Mencion,1
@mazcar17,@davivienda,Mencion,2
@mazcar17,@sfcsupervisor,Mencion,1
@mazcar17,@wilsonariasc,Mencion,1
@mconversadas,@danielburitica,Mencion,1
@mconversadas,@davivienda,Mencion,4
@mconversadas,@isalopezgiraldo,Mencion,2
@mconversadas,@social_skin_,Mencion,3
@mconversadas,@youtube,Mencion,1
@mdcirujano,@davivienda,Mencion,1
@mdcirujano,@ez2000co,Mencion,1
@mdcirujano,@karlaarcila,Mencion,1
@mdgerardogomez,@_ajaytuque,Mencion,1
@mdgerardogomez,@davivienda,Mencion,1
@mdgerardogomez,@elkinsu,Mencion,1
@mdgerardogomez,@jcecheverrycol,Mencion,1
@mediopeque,@davivienda,Mencion,2
@mehersa_,@yefrylopez6,Mencion,1
@melcardonardila,@davivienda,Mencion,1
@melidardila,@davivienda,Mencion,1
@melidardila,@marianiniecheve,Mencion,1
@melidardila,@segurosbolivar,Mencion,2
@melissaceball,@davivienda,Mencion,1
@mendoza0723,@binance_col,Mencion,1
@mendoza0723,@davivienda,Mencion,1
@mercadopago,@carolalovi,Mencion,2
@mercadopago,@davivienda,Mencion,2
@metrodemedellin,@davivienda,Mencion,1
@metrodemedellin,@tucivica,Mencion,1
@metrodemedellin,@whitneymeneses,Mencion,1
@mfcmaria14,@anngie1989,Mencion,1
@mia_lapo,@davivienda,Mencion,1
@mia_lapo,@juanserios87,Mencion,1
@mia_lapo,@sarriamo,Mencion,1
@mia_lapo,@sfcsupervisor,Mencion,1
@michael72124872,@nequi,Mencion,1
@micovicienta,@davivienda,Mencion,1
@miguelagomezh,@lalocuracrece,Mencion,1
@miguelagomezh,@millosfcoficial,Mencion,1
@migueldi52222,@marianiniecheve,Mencion,1
@miguelm27421018,@lineauribista07,Mencion,1
@miguelm27421018,@subirath,Mencion,1
@milivillalobos,@andrescepeda,Mencion,1
@milivillalobos,@davivienda,Mencion,1
@milu_mejia22,@ginaa1931,Mencion,1
@milu_mejia22,@nequi,Mencion,1
@mirandasusplo,@davivienda,Mencion,1
@misislatierna,@davivienda,Mencion,1
@misislatierna,@rolariza,Mencion,1
@misterpanbarra1,@daviplata,Mencion,3
@misterpanbarra1,@davivienda,Mencion,3
@misterpanbarra1,@misterpanbarranquilla,Mencion,3
@mixterkoji,@bancolombia,Mencion,1
@mixterkoji,@daviplata,Mencion,1
@mixterkoji,@davivienda,Mencion,1
@mixterkoji,@nequi,Mencion,1
@ml_ayuda,@g__________b,Mencion,1
@ml_ayuda,@ml_colombia,Mencion,1
@mleon06_p,@davivienda,Mencion,1
@mleon06_p,@negriet,Mencion,1
@mmejiam10,@rafaflores1,Mencion,1
@monicali26,@bancolombia,Mencion,1
@monicali26,@davivienda,Mencion,1
@monicali26,@mininterior,Mencion,1
@monicali26,@ssociedades,Mencion,1
@monicali26,@superbancosec,Mencion,1
@monimoniguzman,@andreincolombia,Mencion,1
@monis210377,@davivienda,Mencion,1
@monteriano25,@carolin60498929,Mencion,1
@monteriano25,@mafelemus5,Mencion,1
@morafandino,@davivienda,Mencion,1
@morafandino,@marianiniecheve,Mencion,1
@morafandino,@segurosbolivar,Mencion,1
@mrchikip,@davivienda,Mencion,3
@mrosaritolc,@davivienda,Mencion,1
@mtbaficionado,@arthurdux1,Mencion,1
@mtbaficionado,@davivienda,Mencion,1
@mtbaficionado,@wilsonariasc,Mencion,1
@mummra78675541,@daviplata,Mencion,2
@mummra78675541,@davivienda,Mencion,3
@mummra78675541,@jsanchezcristo,Mencion,1
@mummra78675541,@sfcsupervisor,Mencion,1
@mummra78675541,@wradiocolombia,Mencion,1
@murcielago_71,@asnasalvaje,Mencion,1
@murcielago_71,@davivienda,Mencion,1
@murcielago_71,@sinamosindios,Mencion,1
@murillo_americo,@clonyhd,Mencion,1
@murillo_americo,@davivienda,Mencion,1
@murillo_americo,@wilsonariasc,Mencion,1
@museoarqueologi,@davivienda,Mencion,2
@museoarqueologi,@lafm,Mencion,1
@museoarqueologi,@losdanieles,Mencion,1
@museoarqueologi,@w_radio,Mencion,1
@museoarqueologi,@wilsonariasc,Mencion,1
@n_lemus,@davivienda,Mencion,1
@n_lemus,@sfcsupervisor,Mencion,1
@nacho04a,@davivienda,Mencion,1
@nacho04a,@enriquedelgadop,Mencion,1
@nacho04a,@wilsonariasc,Mencion,1
@nandaruedavel,@davivienda,Mencion,1
@nandaruedavel,@karlaarcila,Mencion,1
@nando79208857,@aabenedetti,Mencion,1
@nando79208857,@altaner0,Mencion,1
@nando79208857,@ardiaz1944,Mencion,1
@nando79208857,@betocoralg,Mencion,1
@nando79208857,@josecastillobu,Mencion,1
@nando79208857,@petrogustavo,Mencion,1
@nataliabonnett,@davivienda,Mencion,1
@nathagir,@radioplaneta969,Mencion,1
@natharamirez96,@davivienda,Mencion,1
@nattaliee3112,@davivienda,Mencion,1
@navascarola,@davivienda,Mencion,1
@naviomicron,@davivienda,Mencion,1
@naviomicron,@karlaarcila,Mencion,1
@nbanata,@davivienda,Mencion,1
@nbanata,@krlosrojas74,Mencion,1
@ndgarzon,@davivienda,Mencion,1
@nea__07,@andrescepeda,Mencion,2
@nea__07,@davivienda,Mencion,2
@negriet,@davivienda,Mencion,3
@negriet,@sfcsupervisor,Mencion,1
@nelro57,@delacallehum,Mencion,1
@nelro57,@wradiocolombia,Mencion,1
@nelsonsanamay,@davivienda,Mencion,1
@nelsonsanamay,@sfcsupervisor,Mencion,1
@nenarrazola,@davivienda,Mencion,1
@nerestrepo,@davivienda,Mencion,1
@nflecompte,@aprendoatrinar,Mencion,1
@nico_valbuena13,@julianac1987,Mencion,1
@nicodiazgr,@ashima7,Mencion,1
@nicodiazgr,@davivienda,Mencion,1
@nicolasriverag,@davivienda,Mencion,1
@niina_lopz,@daviplata,Mencion,1
@niina_lopz,@davivienda,Mencion,1
@niina_lopz,@epayco,Mencion,1
@niina_lopz,@marianiniecheve,Mencion,1
@niina_lopz,@segurosbolivar,Mencion,1
@nikoooperez,@davivienda,Mencion,2
@ninaortizz,@valentinosnow27,Mencion,1
@ninjitametal,@davivienda,Mencion,1
@niplataninada,@davivienda,Mencion,2
@niplataninada,@sfcsupervisor,Mencion,1
@nixonperezm,@betosfernandez,Mencion,1
@nixonperezm,@davivienda,Mencion,2
@nixonperezm,@marianiniecheve,Mencion,1
@nodspine,@ilusion_mental,Mencion,1
@nogriten,@davivienda,Mencion,3
@nogriten,@nogriten,Mencion,1
@nogriten,@wilsonariasc,Mencion,2
@noriclago,@daviplata,Mencion,1
@noriclago,@davivienda,Mencion,1
@noriclago,@rappipay,Mencion,1
@noridaoficial,@davivienda,Mencion,2
@normita1164,@davivienda,Mencion,1
@normita1164,@wilsonariasc,Mencion,1
@noslenshoesk,@davivienda,Mencion,1
@notengandudaque,@davivienda,Mencion,1
@notengandudaque,@wilsonariasc,Mencion,1
@nrojas211,@davivienda,Mencion,1
@nsst87,@elikitty_33,Mencion,1
@nsst87,@marianiniecheve,Mencion,1
@ntcoral,@davivienda,Mencion,1
@nubia8321,@asnasalvaje,Mencion,1
@nubia8321,@davivienda,Mencion,1
@nxttxdxyy,@liaperezb,Mencion,1
@oasisp18,@davivienda,Mencion,4
@oasisp18,@marianiniecheve,Mencion,1
@oasisp18,@segurosbolivar,Mencion,2
@oasisp18,@wilsonariasc,Mencion,1
@oborinque,@gabrielsantoscd,Mencion,1
@oborinque,@petrogustavo,Mencion,1
@oborinque,@saratufanoz,Mencion,1
@obregonarturo,@davivienda,Mencion,1
@obregonarturo,@wilsonariasc,Mencion,2
@omarruizsai,@davidbarguil,Mencion,1
@omarruizsai,@davivienda,Mencion,2
@omarruizsai,@defensoriacol,Mencion,1
@omarruizsai,@sfcsupervisor,Mencion,1
@omazoandres,@avianca,Mencion,2
@omazoandres,@colconsumidor,Mencion,1
@omazoandres,@davivienda,Mencion,2
@omazoandres,@mabellaranews,Mencion,1
@omazoandres,@rochajaramillo,Mencion,1
@omazoandres,@sicsuper,Mencion,1
@omitar69,@alexillo36,Mencion,2
@omitar69,@asobancaria,Mencion,1
@omitar69,@bancolombia,Mencion,1
@omitar69,@luisgcocogomez,Mencion,1
@omitar69,@minhacienda,Mencion,1
@omitar69,@omitar69,Mencion,1
@onlymemd,@snjuanerita,Mencion,1
@orancas,@cedemocratico,Mencion,1
@orancas,@oizuluaga,Mencion,1
@orlandomunevar,@davivienda,Mencion,1
@oryashar33,@backdoorman85,Mencion,1
@oryashar33,@epifania2021,Mencion,1
@oscar243112,@demjessenia,Mencion,1
@oscar243112,@tyra77541491,Mencion,1
@oscaramontoyaj,@paulinalaandona,Mencion,1
@oscareslopez,@davivienda,Mencion,1
@oscareslopez,@sfcsupervisor,Mencion,1
@oscareslopez,@sicsuper,Mencion,1
@oscarnicolasupm,@thevisor2015,Mencion,1
@oscarro48378866,@asnasalvaje,Mencion,1
@oscarro48378866,@cafenofilo,Mencion,1
@oscarro48378866,@davivienda,Mencion,1
@oscatorex,@marianiniecheve,Mencion,5
@oscatorex,@oscatorex,Mencion,5
@oscatorex,@sfcsupervisor,Mencion,1
@osfahico,@davivienda,Mencion,1
@oskrcam,@davivienda,Mencion,1
@oskrmauricio,@luislopezm,Mencion,1
@pablongage,@davivienda,Mencion,1
@pachecoives,@bancodebogota,Mencion,1
@pachecoives,@davivienda,Mencion,1
@palacio56215845,@handresploz,Mencion,1
@palacio56215845,@revistasemana,Mencion,1
@pandebonita,@davivienda,Mencion,1
@pandebonita,@karlaarcila,Mencion,1
@paolaandre86,@davivienda,Mencion,1
@paolaarias79,@andrescepeda,Mencion,1
@paolaarias79,@davivienda,Mencion,1
@paolaarias79,@fundacionbd,Mencion,1
@paolahe21933060,@jeonpark_jp,Mencion,1
@paolahe21933060,@jovenesaccionco,Mencion,1
@paolahe21933060,@prosperidadcol,Mencion,1
@paolajimeneze,@davivienda,Mencion,1
@paosanc42286722,@ilich2586,Mencion,1
@paosanc42286722,@susanacorreabor,Mencion,1
@papefenix,@alvarouribevel,Mencion,1
@papefenix,@cedemocratico,Mencion,1
@papefenix,@gabrielsantoscd,Mencion,1
@papefenix,@isamg6,Mencion,1
@pataconcol,@davemendezl,Mencion,1
@pataconcol,@davivienda,Mencion,1
@patojozazu,@davivienda,Mencion,1
@patojozazu,@wilsonariasc,Mencion,1
@patrici18219507,@bancoagricolasv,Mencion,1
@paulaa_st,@tovarsantiago19,Mencion,1
@pauli_mb_,@memisfranco,Mencion,1
@pauselo2011,@davivienda,Mencion,2
@pauselo2011,@marianiniecheve,Mencion,2
@pauselo2011,@segurosbolivar,Mencion,2
@pava_gonzalez,@davivienda,Mencion,1
@pelosnecios23,@davivienda,Mencion,3
@pelosnecios23,@nathygat7,Mencion,1
@pelosnecios23,@wilsonariasc,Mencion,1
@pensamientom8,@davivienda,Mencion,1
@perenguena,@davivienda,Mencion,1
@perezesneider,@paoherrerac,Mencion,1
@perlita4031,@davivienda,Mencion,1
@perlita4031,@notengandudaque,Mencion,1
@perlita4031,@wilsonariasc,Mencion,1
@pezick,@donnadonnut,Mencion,1
@pipebarucshop,@bancolombia,Mencion,1
@pipebarucshop,@davivienda,Mencion,2
@pipebarucshop,@nubank,Mencion,1
@pipebecerra1,@davivienda,Mencion,1
@pipebecerra1,@telefonorojo,Mencion,1
@pipepaezadsrock,@daviplata,Mencion,1
@pipepaezadsrock,@davivienda,Mencion,2
@pipepaezadsrock,@fiscaliacol,Mencion,1
@pisoful,@andrescepeda,Mencion,1
@pisoful,@davivienda,Mencion,1
@pisoful,@fundacionbd,Mencion,1
@pollomar09,@davivienda,Mencion,1
@polombiano88,@davicorredores,Mencion,1
@polombiano88,@davivienda,Mencion,1
@polombianodbien,@auracardonafans,Mencion,1
@polombianodbien,@daviplata,Mencion,1
@polombianodbien,@davivienda,Mencion,1
@pomares_mendoza,@josecap97,Mencion,1
@profe3335,@daviplata,Mencion,1
@profe3335,@davivienda,Mencion,1
@proferickb,@christian_4r4,Mencion,1
@proferickb,@maos_777,Mencion,1
@proferickb,@sennorreds,Mencion,1
@progresistapore,@asnasalvaje,Mencion,1
@progresistapore,@davivienda,Mencion,2
@prudenteelim,@davivienda,Mencion,1
@psycomano97,@davivienda,Mencion,2
@punto105,@davivienda,Mencion,1
@quedesecallado,@davivienda,Mencion,1
@quedesecallado,@wilsonariasc,Mencion,1
@quinterorubiano,@davivienda,Mencion,1
@quinterorubiano,@marianiniecheve,Mencion,1
@quinterorubiano,@segurosbolivar,Mencion,1
@r_de_alicantino,@bancolombia,Mencion,1
@r_de_alicantino,@davivienda,Mencion,2
@r_de_alicantino,@lauraggils,Mencion,1
@ra26745793,@asnasalvaje,Mencion,1
@ra26745793,@davivienda,Mencion,1
@ra26745793,@fiscaliacol,Mencion,1
@ra26745793,@notengandudaque,Mencion,1
@ra26745793,@policiacali,Mencion,1
@raadcure,@paoherrerac,Mencion,1
@rabm01847277,@davivienda,Mencion,1
@rabm01847277,@karlaarcila,Mencion,1
@rachacerdas,@glorianapacheco,Mencion,1
@rachacerdas,@scotiabank,Mencion,1
@radiologiaepige,@davivienda,Mencion,1
@raduro2012,@cafenofilo,Mencion,1
@raduro2012,@hanso_hasashi_,Mencion,1
@rafaelmartang,@davivienda,Mencion,3
@rafaelmartang,@sarriamo,Mencion,1
@rafserme,@antoasb,Mencion,1
@rafserme,@chivowallet,Mencion,1
@ramplon_,@asnasalvaje,Mencion,1
@ramplon_,@davivienda,Mencion,1
@rappipay,@daviplata,Mencion,1
@rappipay,@davivienda,Mencion,3
@rappipay,@julianaussa3,Mencion,1
@rappipay,@noriclago,Mencion,2
@raulbastidast,@davivienda,Mencion,1
@raulbastidast,@lilianacastromu,Mencion,1
@renlopezs,@daviplata,Mencion,1
@renlopezs,@davivienda,Mencion,1
@reyes_juank,@davivienda,Mencion,2
@rherman39601409,@almafuerteyvino,Mencion,1
@rherman39601409,@davivienda,Mencion,2
@rherman39601409,@magallego58,Mencion,1
@rherman39601409,@wilsonariasc,Mencion,1
@riesgosfros,@davivienda,Mencion,1
@riesgosfros,@sfcsupervisor,Mencion,1
@rinconboterogus,@davivienda,Mencion,1
@rinconboterogus,@lauraggils,Mencion,1
@rinick24,@davivienda,Mencion,3
@rinick24,@nathygat7,Mencion,1
@rinick24,@wilsonariasc,Mencion,1
@risikofaktor,@davidbarguil,Mencion,1
@risikofaktor,@ivanduque,Mencion,1
@rmartinez76l,@bancolombia,Mencion,1
@rmartinez76l,@davivienda,Mencion,1
@rmartinez76l,@tenniscomco,Mencion,1
@ro_ife,@daviplata,Mencion,1
@roberthdanilo,@bancosaval,Mencion,3
@roberthdanilo,@eticketcol,Mencion,2
@roberthdanilo,@musictrendscol,Mencion,1
@roberthdanilo,@tuboletanews,Mencion,1
@robertoriverosa,@bancolombia,Mencion,2
@robertoriverosa,@davivienda,Mencion,4
@robertoriverosa,@puntored_co,Mencion,1
@robertourrego,@davivienda,Mencion,3
@robertourrego,@sfcsupervisor,Mencion,1
@robinsonlopezl1,@jorgebuitragot,Mencion,1
@rodrigoalvaradc,@davivienda,Mencion,1
@rodriguez_val,@davivienda,Mencion,1
@rodriguezgomez_,@davivienda,Mencion,2
@romeyigle,@jokeraton,Mencion,1
@romeyigle,@marianiniecheve,Mencion,1
@rondonever,@franciamarquezm,Mencion,1
@ruben_sote,@davivienda,Mencion,1
@ruben_sote,@sfcsupervisor,Mencion,1
@rubendgomez78,@davivienda,Mencion,1
@rubiapsicologa,@davivienda,Mencion,2
@sabaezd,@davivienda,Mencion,1
@sagalcarlos,@elrorodry,Mencion,1
@sagc96,@davivienda,Mencion,1
@sago2022,@davivienda,Mencion,5
@sago2022,@johanam00425654,Mencion,1
@sagylo21,@ivanduque,Mencion,1
@salchiipapas,@davivienda,Mencion,1
@salchiipapas,@juano191,Mencion,1
@salchiipapas,@sicsuper,Mencion,1
@salpiconqueen,@itslondi_,Mencion,1
@salsitabbq,@nequi,Mencion,1
@saltamontes___,@davivienda,Mencion,1
@samantagarcias1,@daviplata,Mencion,1
@samantagarcias1,@davivienda,Mencion,1
@sandi7878,@colombian_ade,Mencion,1
@sandi7878,@makathelion,Mencion,1
@sandracuel,@bancolombia,Mencion,1
@sandracuel,@davivienda,Mencion,1
@sandracuel,@zuletalleras,Mencion,1
@sanedith,@banco_avvillas,Mencion,1
@sanedith,@bancodebogota,Mencion,1
@sanedith,@bancopopularcr,Mencion,1
@sanedith,@davivienda,Mencion,1
@sanedith,@farmaceuticoac1,Mencion,1
@santiago1079,@davivienda,Mencion,1
@santiagovargasn,@davivienda,Mencion,1
@santiguerrerow,@davivienda,Mencion,1
@santiguerrerow,@santiguerrerow,Mencion,1
@santikos36,@darcyquinnr,Mencion,1
@santikos36,@davivienda,Mencion,1
@santikos36,@eder78849160,Mencion,1
@santikos36,@eltiempo,Mencion,1
@santini_es,@bancoagrario,Mencion,1
@santini_es,@bancodebogota,Mencion,1
@santini_es,@bancofinandina,Mencion,1
@santini_es,@bancolombia,Mencion,1
@santini_es,@bancosantander,Mencion,1
@santini_es,@bbva,Mencion,1
@santini_es,@bco_occidente,Mencion,1
@santini_es,@davivienda,Mencion,1
@santini_es,@grupoaval,Mencion,1
@santini_es,@itaucol,Mencion,1
@santirojas,@davivienda,Mencion,1
@sapphisky,@shiiberuuh,Mencion,1
@saragomezossa,@bancolombia,Mencion,1
@saragomezossa,@itamaria83,Mencion,1
@sauljaimes,@asnasalvaje,Mencion,1
@sauljaimes,@davivienda,Mencion,2
@sauljaimes,@marianiniecheve,Mencion,1
@sauljaimes,@segurosbolivar,Mencion,1
@scar28543651,@pulzo,Mencion,1
@seb_haeckermann,@primoecosta,Mencion,1
@sebasbach7,@davivienda,Mencion,1
@sebasbach7,@marianiniecheve,Mencion,1
@segurosbolivar,@davivienda,Mencion,2
@segurosbolivar,@johantriana,Mencion,1
@segurosbolivar,@marianiniecheve,Mencion,1
@selcotsimete,@davivienda,Mencion,2
@selcotsimete,@wilsonariasc,Mencion,1
@senorasalvaje,@davivienda,Mencion,1
@senorasalvaje,@isabelav67,Mencion,1
@sergioalejao,@davivienda,Mencion,1
@sergiogomezf,@davivienda,Mencion,4
@sergior90565208,@lacombariza,Mencion,1
@sergior90565208,@marianiniecheve,Mencion,1
@sergiorobayo,@danny278,Mencion,1
@servil666,@andrsfelipeca10,Mencion,1
@servil666,@lucholarrompe,Mencion,1
@shaka38,@davivienda,Mencion,1
@shaka38,@jokeraton,Mencion,1
@shaka38,@wilsonariasc,Mencion,1
@sharalo85029316,@mafelemus5,Mencion,2
@sharalo85029316,@skater_to_death,Mencion,2
@sharonccoba,@error404col,Mencion,1
@she-wolf,@davivienda,Mencion,1
@she-wolf,@sfcsupervisor,Mencion,1
@shpt98,@davivienda,Mencion,1
@siemprejunior,@millosfcoficial,Mencion,1
@siemprejunior,@msilvaazul,Mencion,1
@silvioravel,@sortegarango,Mencion,1
@simonnarino,@davivienda,Mencion,1
@skater_to_death,@mafelemus5,Mencion,1
@skater_to_death,@sharalo85029316,Mencion,1
@snowqly,@asnasalvaje,Mencion,1
@snowqly,@davivienda,Mencion,1
@socialario,@davivienda,Mencion,1
@socialario,@enriquedelgadop,Mencion,1
@socialario,@wilsonariasc,Mencion,1
@soffigmez1,@jovenesaccionco,Mencion,1
@soffigmez1,@prosperidadcol,Mencion,1
@sojara,@juanbedoya73,Mencion,1
@sonia_martinezr,@sebasma91,Mencion,1
@soniajannethba,@davivienda,Mencion,5
@sonnyraymondn,@davivienda,Mencion,1
@sonnyraymondn,@iknowyouwantmyk,Mencion,1
@sonnyraymondn,@jorge_montreal,Mencion,1
@sonnyraymondn,@marianiniecheve,Mencion,1
@sonyjpca,@marianiniecheve,Mencion,1
@sonyjpca,@penalosadas,Mencion,1
@soviga1234,@elsanti_mx,Mencion,1
@soviga1234,@jholuyas_72,Mencion,1
@soycaste,@carlos60285427,Mencion,1
@soycaste,@johangon_19,Mencion,1
@soygelatina,@davivienda,Mencion,1
@soygelatina,@negriet,Mencion,1
@soyinfanterubio,@ashima7,Mencion,1
@soyinfanterubio,@davivienda,Mencion,2
@soyinfanterubio,@nicodiazgr,Mencion,1
@soyjuanctorres,@davivienda,Mencion,1
@soylinapordios,@davivienda,Mencion,1
@spidermanps4ps5,@albaga78,Mencion,1
@spidermanps4ps5,@bancolombia,Mencion,1
@sr_mario,@elambidiestro2,Mencion,1
@sr_mario,@pascuteboy,Mencion,1
@srs_351,@davivienda,Mencion,1
@ssf_elsalvador,@davivienda,Mencion,1
@ssf_elsalvador,@juanper62225640,Mencion,1
@ssf_elsalvador,@maribelvasquezj,Mencion,1
@ssf_elsalvador,@noticia_lopez65,Mencion,1
@ssf_elsalvador,@ssfgobsv,Mencion,2
@stanleyoly,@caroooooood,Mencion,2
@stanleyoly,@davivienda,Mencion,2
@stanleyoly,@stanleyoly,Mencion,1
@steffyjz,@daviescucha,Mencion,2
@steffyjz,@davivienda,Mencion,4
@steffyjz,@telefonorojo,Mencion,1
@stefytrujillo,@davivienda,Mencion,1
@stivensamp,@cafenofilo,Mencion,1
@stivensamp,@tagy_petus,Mencion,1
@t18506496,@davivienda,Mencion,2
@tafaache,@davivienda,Mencion,1
@tajoha145,@davivienda,Mencion,2
@tajoha145,@ddom1975,Mencion,1
@tano_borja,@nccm__,Mencion,1
@tatianacortes,@xtresveces,Mencion,1
@tatissabe,@davivienda,Mencion,1
@taurense1,@edimejia1979,Mencion,1
@taurense1,@noticiasrcn,Mencion,1
@tavofernandez5,@bancolombia,Mencion,1
@tavofernandez5,@bancosaval,Mencion,1
@tavofernandez5,@bbva,Mencion,1
@tavofernandez5,@davivienda,Mencion,1
@tavofernandez5,@sfcsupervisor,Mencion,1
@teamgamervzla1,@davivienda,Mencion,1
@teamgamervzla1,@fernandhovilla,Mencion,1
@teffygiraldo06,@sagoatehortua,Mencion,1
@tele_sig,@asnasalvaje,Mencion,1
@the_absurdo,@davivienda,Mencion,1
@the_absurdo,@marianiniecheve,Mencion,1
@the_absurdo,@segurosbolivar,Mencion,1
@thorko4,@bancodebogota,Mencion,1
@tmestiza,@asnasalvaje,Mencion,1
@tmestiza,@banco_avvillas,Mencion,1
@tmestiza,@davivienda,Mencion,1
@tmestiza,@fiscaliacol,Mencion,1
@tmestiza,@movistarplus,Mencion,1
@tobal214,@davivienda,Mencion,1
@tobal214,@saltamontes___,Mencion,1
@tomyko79,@lucholarrompe,Mencion,1
@tomyko79,@margaritarosadf,Mencion,1
@tonocacique,@davivienda,Mencion,1
@torresdolcey,@davivienda,Mencion,1
@torresdolcey,@wilsonariasc,Mencion,1
@totatola1506,@davivienda,Mencion,1
@totogomez25,@daviescucha,Mencion,1
@totogomez25,@davivienda,Mencion,1
@traficoentegus,@tra,Mencion,1
@traficoentegus,@traficoentegus,Mencion,2
@tripichinchin,@davivienda,Mencion,2
@tripichinchin,@memobastid,Mencion,1
@tripichinchin,@paoherrerac,Mencion,1
@tripichinchin,@wilsonariasc,Mencion,1
@ttekaa_,@davivienda,Mencion,1
@tuamanteenletra,@daviplata,Mencion,2
@tuamanteenletra,@jovenesaccionco,Mencion,1
@tuamanteenletra,@prosperidadcol,Mencion,1
@tucivica,@germanr96438901,Mencion,1
@tucivica,@ruta_n,Mencion,1
@tufaviorito,@davivienda,Mencion,1
@tuprimonv,@bancodebogota,Mencion,1
@tuprimonv,@bancolombia,Mencion,1
@tuprimonv,@davivienda,Mencion,1
@tuprimonv,@johnthekidus,Mencion,1
@uatsnit_rincon,@davivienda,Mencion,1
@uatsnit_rincon,@joacoro,Mencion,1
@unasolag24,@felipemube,Mencion,1
@undercity90,@davivienda,Mencion,1
@unode100000,@catalba,Mencion,1
@urcuchillay_1,@davivienda,Mencion,1
@v89286793german,@davivienda,Mencion,1
@v89286793german,@wilsonariasc,Mencion,1
@valcinate,@bancocajasocial,Mencion,1
@valcinate,@bancodebogota,Mencion,1
@valcinate,@bancolombia,Mencion,1
@valcinate,@bbva_colombia,Mencion,1
@valcinate,@davivienda,Mencion,1
@valcinate,@nequi,Mencion,1
@valenj0301,@davivienda,Mencion,1
@valenncardona,@bancolombia,Mencion,1
@valenncardona,@davivienda,Mencion,1
@valeroabdul,@jerobledo,Mencion,1
@valoraanalitik,@bancodebogota,Mencion,1
@valoraanalitik,@davivienda,Mencion,2
@vanesanchez89,@davivienda,Mencion,1
@victorh105,@davivienda,Mencion,1
@victorh105,@pipebecerra1,Mencion,1
@victorh105,@telefonorojo,Mencion,1
@victoriamejiam,@davivienda,Mencion,1
@victormiranda61,@bancoagricolasv,Mencion,1
@victormiranda61,@bancocuscatlan_,Mencion,1
@victormiranda61,@davivienda,Mencion,1
@victormiranda61,@fenixulloavp,Mencion,1
@videorganica1,@davivienda,Mencion,2
@wbp71,@aureliobabiloni,Mencion,1
@wbp71,@davivienda,Mencion,1
@wbp71,@wilsonariasc,Mencion,1
@wesg91,@davivienda,Mencion,1
@wesg91,@ktheebg,Mencion,1
@will_olop,@davivienda,Mencion,1
@will_olop,@wilsonariasc,Mencion,1
@willcordova6,@davivienda,Mencion,1
@williamreserve,@holareserve,Mencion,1
@williamreserve,@leopoldoduartec,Mencion,1
@willocampo,@nataliaescribe,Mencion,1
@wilozunag,@davivienda,Mencion,1
@wilozunag,@gopb15,Mencion,1
@wilozunag,@wilsonariasc,Mencion,1
@wilsonariasc,@davivienda,Mencion,1
@wilsoncifu,@davivienda,Mencion,1
@wx5mkrp3uk3msyu,@davivienda,Mencion,1
@wzkcwq4ven0bfcy,@bancolombia,Mencion,1
@wzkcwq4ven0bfcy,@danytorresang,Mencion,1
@wzkcwq4ven0bfcy,@davivienda,Mencion,1
@ximeamaya,@davivienda,Mencion,1
@xiotorrado,@davivienda,Mencion,1
@xiotorrado,@gabrielatafur,Mencion,1
@xiotorrado,@xiotorrado,Mencion,1
@xristhiancbet,@davivienda,Mencion,1
@xristhiancbet,@error404col,Mencion,1
@yamilitadiaz1,@andrescepeda,Mencion,1
@yamilitadiaz1,@davivienda,Mencion,1
@yarasaavedra13,@davivienda,Mencion,1
@yarasaavedra13,@karlaarcila,Mencion,1
@yecaangarita,@davivienda,Mencion,1
@yhnthy,@asnasalvaje,Mencion,2
@yhnthy,@davivienda,Mencion,2
@yhnthy,@dianaluna07,Mencion,2
@yoelypelaez_,@bancolombia,Mencion,1
@yoelypelaez_,@davivienda,Mencion,1
@yoelypelaez_,@manuelaechava15,Mencion,1
@yousexonfire,@daviplata,Mencion,1
@yousexonfire,@davivienda,Mencion,1
@yousexonfire,@sicsuper,Mencion,1
@zarkoivan,@eltiempo,Mencion,1
@zarkoivan,@mabellaranews,Mencion,1
@zarkoivan,@triplecibarguen,Mencion,1
@zeicerin,@davivienda,Mencion,1
@zildride,@davivienda,Mencion,1
@zona_zc,@asnasalvaje,Mencion,1
@zona_zc,@davivienda,Mencion,1
@zooxantelaa,@camilosokka,Mencion,1
@zooxantelaa,@davivienda,Mencion,1
@zorroastroo,@davivienda,Mencion,1
@zorroastroo,@lauraggils,Mencion,1
@ztebenzoacha,@davivienda,Mencion,1
@ztebenzoacha,@wilsonariasc,Mencion,1
@zuchimal,@asnasalvaje,Mencion,1
@zuchimal,@davivienda,Mencion,1
h@ner,@bancolombia,Mencion,1
h@ner,@davivienda,Mencion,1
karen-aleja-287@hotmailcom,@davivienda,Mencion,1
profedellanterawilburbloqueadopor@ca_acosta,@fervarelahn,Mencion,1
profedellanterawilburbloqueadopor@ca_acosta,@luislarahn,Mencion,1
