Id,Label,Type,Weight
@0vic_,@0vic_,Undirected,1
@472Colombia,@472Colombia,Undirected,1
@7iGGO,@7iGGO,Undirected,3
@8389amanda,@8389amanda,Undirected,1
@AABenedetti,@AABenedetti,Undirected,2
@ALBAGA78,@ALBAGA78,Undirected,1
@ARENAALFA,@ARENAALFA,Undirected,1
@AUGUSTOOCAMPO,@AUGUSTOOCAMPO,Undirected,5
@AdamAltadill,@AdamAltadill,Undirected,1
@Adissbisss,@Adissbisss,Undirected,1
@Adrismc_,@Adrismc_,Undirected,1
@AidaAvellaE,@AidaAvellaE,Undirected,1
@Ak47TheLegend,@Ak47TheLegend,Undirected,1
@AleMercado4,@AleMercado4,Undirected,1
@Alejand36202857,@Alejand36202857,Undirected,1
@AlexMesa17,@AlexMesa17,Undirected,2
@AlexRiascos,@AlexRiascos,Undirected,1
@AlfredMaggiore,@AlfredMaggiore,Undirected,2
@Alkosto,@Alkosto,Undirected,1
@Almafuerteyvino,@Almafuerteyvino,Undirected,2
@Altaner0,@Altaner0,Undirected,1
@AlvaroUribeVel,@AlvaroUribeVel,Undirected,2
@AlvaroaLlanos,@AlvaroaLlanos,Undirected,1
@AmazoPau,@AmazoPau,Undirected,1
@AmericadeCali,@AmericadeCali,Undirected,1
@Amezquit2Angela,@Amezquit2Angela,Undirected,1
@AminDiazMorales,@AminDiazMorales,Undirected,1
@AminMejiaM,@AminMejiaM,Undirected,1
@An4cR0s,@An4cR0s,Undirected,4
@Anbztht,@Anbztht,Undirected,1
@Andreacely2970,@Andreacely2970,Undirected,1
@Andreshurtado_7,@Andreshurtado_7,Undirected,2
@AndrsFelipeCa10,@AndrsFelipeCa10,Undirected,2
@Angel_Rivera_N,@Angel_Rivera_N,Undirected,1
@Angelasantiagop,@Angelasantiagop,Undirected,1
@Apple,@Apple,Undirected,1
@Aprendoatrinar,@Aprendoatrinar,Undirected,1
@ArDiaz1944,@ArDiaz1944,Undirected,1
@ArthurDux1,@ArthurDux1,Undirected,6
@Asnasalvaje,@Asnasalvaje,Undirected,47
@AsoDeporCali,@AsoDeporCali,Undirected,3
@Asobancaria,@Asobancaria,Undirected,3
@AsociacionMi,@AsociacionMi,Undirected,1
@AsofiamR4,@AsofiamR4,Undirected,1
@AuraCardonafans,@AuraCardonafans,Undirected,2
@Avianca,@Avianca,Undirected,4
@BACCredomaticCR,@BACCredomaticCR,Undirected,1
@BANCOLOMBIA,@BANCOLOMBIA,Undirected,1
@BBVA_Colombia,@BBVA_Colombia,Undirected,2
@BackDoorMan85,@BackDoorMan85,Undirected,1
@Bahini_S,@Bahini_S,Undirected,1
@BancoAgrario,@BancoAgrario,Undirected,2
@BancoCUSCATLAN_,@BancoCUSCATLAN_,Undirected,1
@BancoFinandina,@BancoFinandina,Undirected,4
@BancoPichincha,@BancoPichincha,Undirected,2
@BancoPopularCR,@BancoPopularCR,Undirected,1
@BancoPromerica,@BancoPromerica,Undirected,1
@BancoRepublica,@BancoRepublica,Undirected,6
@Banco_AvVillas,@Banco_AvVillas,Undirected,6
@BancodeBogota,@BancodeBogota,Undirected,11
@Bancoldex,@Bancoldex,Undirected,1
@Bancolombia,@Bancolombia,Undirected,53
@BancosAval,@BancosAval,Undirected,3
@BancosAval:,@BancosAval:,Undirected,3
@BcoFalabellaCo,@BcoFalabellaCo,Undirected,1
@Bco_Occidente,@Bco_Occidente,Undirected,3
@Berzota,@Berzota,Undirected,3
@BetoSFernandez,@BetoSFernandez,Undirected,1
@Betocoralg,@Betocoralg,Undirected,1
@BigDatero,@BigDatero,Undirected,1
@BinanceES,@BinanceES,Undirected,7
@BinanceHelpDesk,@BinanceHelpDesk,Undirected,4
@Binance_COL,@Binance_COL,Undirected,1
@Blueangel2021,@Blueangel2021,Undirected,1
@BtcAndres,@BtcAndres,Undirected,1
@CAMdeSantaTecla,@CAMdeSantaTecla,Undirected,1
@CArdila28,@CArdila28,Undirected,2
@CCLaDorada,@CCLaDorada,Undirected,1
@CCSILVA86,@CCSILVA86,Undirected,1
@CEPaz_2,@CEPaz_2,Undirected,1
@CGR_Colombia,@CGR_Colombia,Undirected,2
@CLONYHD,@CLONYHD,Undirected,1
@CNOGUERA20,@CNOGUERA20,Undirected,6
@Cairolinha,@Cairolinha,Undirected,2
@CampoEcamacho,@CampoEcamacho,Undirected,1
@CancilleriaCol,@CancilleriaCol,Undirected,1
@CaracolNoticias_,@CaracolNoticias_,Undirected,3
@CaracolRadio,@CaracolRadio,Undirected,2
@CaracolTV,@CaracolTV,Undirected,3
@Caristi2,@Caristi2,Undirected,1
@CarloCastellar,@CarloCastellar,Undirected,1
@CarlosGrosso1,@CarlosGrosso1,Undirected,1
@Carlosc30443031,@Carlosc30443031,Undirected,1
@Carolalovi,@Carolalovi,Undirected,2
@Carolin60498929,@Carolin60498929,Undirected,1
@CarolinaIbanezS,@CarolinaIbanezS,Undirected,1
@CarsClauss,@CarsClauss,Undirected,1
@Catalba,@Catalba,Undirected,3
@CathyJuvinao,@CathyJuvinao,Undirected,1
@CeDemocratico,@CeDemocratico,Undirected,3
@ChandyReyes,@ChandyReyes,Undirected,1
@Chris_Montz,@Chris_Montz,Undirected,1
@Christian_4R4,@Christian_4R4,Undirected,1
@Christian_BVC,@Christian_BVC,Undirected,2
@CinthyQuinones,@CinthyQuinones,Undirected,2
@Ciudadano_K,@Ciudadano_K,Undirected,1
@ClaroColombia,@ClaroColombia,Undirected,1
@ClaroTeAyuda,@ClaroTeAyuda,Undirected,1
@ClaudiaLopez,@ClaudiaLopez,Undirected,1
@CojuteNoticias,@CojuteNoticias,Undirected,1
@ColConsumidor,@ColConsumidor,Undirected,1
@Colsubsidio_Ofi,@Colsubsidio_Ofi,Undirected,2
@ConVergenza12,@ConVergenza12,Undirected,1
@Contesta_tario,@Contesta_tario,Undirected,1
@CosmoDaKitten,@CosmoDaKitten,Undirected,1
@CredibanCo_,@CredibanCo_,Undirected,1
@Cristia56444419,@Cristia56444419,Undirected,1
@CristoAtado,@CristoAtado,Undirected,2
@CristyLopezLeon,@CristyLopezLeon,Undirected,1
@D1egoMoreno,@D1egoMoreno,Undirected,1
@DDom1975,@DDom1975,Undirected,2
@DIEGOFDOCAICEDO,@DIEGOFDOCAICEDO,Undirected,1
@DIRECTVCo,@DIRECTVCo,Undirected,1
@DaniaGonzalz,@DaniaGonzalz,Undirected,4
@DanielMedinaN,@DanielMedinaN,Undirected,1
@DanielP78061978,@DanielP78061978,Undirected,2
@Danny278,@Danny278,Undirected,1
@DannyElCentauro,@DannyElCentauro,Undirected,1
@DaveMendezL,@DaveMendezL,Undirected,3
@DaviEscucha,@DaviEscucha,Undirected,11
@DaviPlata,@DaviPlata,Undirected,116
@DavidFlorezMP,@DavidFlorezMP,Undirected,1
@DavidPaz_09,@DavidPaz_09,Undirected,2
@DavidRacero,@DavidRacero,Undirected,1
@Daviempleo,@Daviempleo,Undirected,1
@Daviplata,@Daviplata,Undirected,1
@Davivienda,@Davivienda,Undirected,1085
"@Davivienda,","@Davivienda,",Undirected,7
@Davivienda_Pan,@Davivienda_Pan,Undirected,1
@DeLaCalleHum,@DeLaCalleHum,Undirected,1
@DefensoriaCol,@DefensoriaCol,Undirected,2
@Defensoria_910,@Defensoria_910,Undirected,3
@Deftvergara05,@Deftvergara05,Undirected,2
@DemJessenia,@DemJessenia,Undirected,2
@DianaLuna07,@DianaLuna07,Undirected,2
@Diana_banana__,@Diana_banana__,Undirected,3
@DiarioBitcoin,@DiarioBitcoin,Undirected,1
@DonKaiser016,@DonKaiser016,Undirected,1
@Don_Mengano,@Don_Mengano,Undirected,1
@DonnaDonnut,@DonnaDonnut,Undirected,1
@DuberPaez,@DuberPaez,Undirected,1
@ECUANTICA,@ECUANTICA,Undirected,1
@EConsulteam,@EConsulteam,Undirected,1
@EDR_CD,@EDR_CD,Undirected,4
@ELTIEMPO,@ELTIEMPO,Undirected,3
@ENTERCO,@ENTERCO,Undirected,1
@Eder78849160,@Eder78849160,Undirected,1
@Edildiaz1501,@Edildiaz1501,Undirected,1
@Edimejia1979,@Edimejia1979,Undirected,25
@EdoCote,@EdoCote,Undirected,1
@EduardBernstei1,@EduardBernstei1,Undirected,1
@Efe_ElLeon,@Efe_ElLeon,Undirected,1
@ElPetisoArango,@ElPetisoArango,Undirected,1
@ElQueLosDELATA,@ElQueLosDELATA,Undirected,1
@ElRoRodry,@ElRoRodry,Undirected,1
@El_MAGDANIEL,@El_MAGDANIEL,Undirected,1
@El_Tesoro,@El_Tesoro,Undirected,1
@El_Toposo,@El_Toposo,Undirected,1
@Elambidiestro2,@Elambidiestro2,Undirected,1
@ElektraMx,@ElektraMx,Undirected,1
@Elizabe18211242,@Elizabe18211242,Undirected,1
@ElizabethGarrot,@ElizabethGarrot,Undirected,1
@ElsaNidiaRodrig,@ElsaNidiaRodrig,Undirected,1
@Elvalleselvalle,@Elvalleselvalle,Undirected,1
@EnKunfuncion,@EnKunfuncion,Undirected,2
@EnLineaBVC,@EnLineaBVC,Undirected,1
@EnriqueDelgadoP,@EnriqueDelgadoP,Undirected,4
@EnriquePenalosa,@EnriquePenalosa,Undirected,1
@EnzoVil45091798,@EnzoVil45091798,Undirected,1
@Epifania2021,@Epifania2021,Undirected,1
@Erikasu_18,@Erikasu_18,Undirected,1
@Error404col,@Error404col,Undirected,6
@Espino39170328,@Espino39170328,Undirected,1
@Estella92,@Estella92,Undirected,2
@ExtratiempoCO.,@ExtratiempoCO.,Undirected,1
@FNAraujoR,@FNAraujoR,Undirected,1
@FabioFernandoH1,@FabioFernandoH1,Undirected,2
@Falabella_co,@Falabella_co,Undirected,3
@Felipe200248,@Felipe200248,Undirected,1
@FelipeMuBe,@FelipeMuBe,Undirected,1
@FenixUlloaVP,@FenixUlloaVP,Undirected,2
@Fiigueeroa,@Fiigueeroa,Undirected,3
@Finagro,@Finagro,Undirected,1
@FinkP1oyd,@FinkP1oyd,Undirected,1
@FiscaliaCol,@FiscaliaCol,Undirected,10
@FodorJoseff,@FodorJoseff,Undirected,1
@ForniCarias,@ForniCarias,Undirected,1
@FranciaMarquezM,@FranciaMarquezM,Undirected,2
@FueledByChangua,@FueledByChangua,Undirected,2
@FundacionBD,@FundacionBD,Undirected,2
@G__________B,@G__________B,Undirected,1
@GabrielSantosCD,@GabrielSantosCD,Undirected,3
@GabrielaTafur,@GabrielaTafur,Undirected,1
@GarciaColorad0,@GarciaColorad0,Undirected,1
@GermanCrstancho,@GermanCrstancho,Undirected,3
@GinaSaboyal,@GinaSaboyal,Undirected,1
@Ginaa1931,@Ginaa1931,Undirected,1
@Ginnita95,@Ginnita95,Undirected,2
@Giovannirincon,@Giovannirincon,Undirected,1
@GomezCZ,@GomezCZ,Undirected,1
@GuinandSandra,@GuinandSandra,Undirected,2
@GustavoBolivar,@GustavoBolivar,Undirected,1
@GutierrezLuis_,@GutierrezLuis_,Undirected,1
@HC_Naty,@HC_Naty,Undirected,1
@HELIODOPTERO,@HELIODOPTERO,Undirected,1
@HERNANDEZHERMES,@HERNANDEZHERMES,Undirected,1
@HacheJota_RL,@HacheJota_RL,Undirected,1
@Hania_paternina,@Hania_paternina,Undirected,2
@Hanso_Hasashi_,@Hanso_Hasashi_,Undirected,3
@HeinerVelsquez,@HeinerVelsquez,Undirected,1
@HenryFloresST,@HenryFloresST,Undirected,1
@HugoLeonElRojo,@HugoLeonElRojo,Undirected,1
@HugoSal16633467,@HugoSal16633467,Undirected,1
@HypatiaHurtado,@HypatiaHurtado,Undirected,1
@IC,@IC,Undirected,1
@IFeel_SoSad,@IFeel_SoSad,Undirected,1
@ISAZULETA,@ISAZULETA,Undirected,1
@IknowyouwantmyK,@IknowyouwantmyK,Undirected,2
@Inkonstante1,@Inkonstante1,Undirected,1
@Innovabolivar,@Innovabolivar,Undirected,2
@IntensamenteKet,@IntensamenteKet,Undirected,1
@IsabelaV67,@IsabelaV67,Undirected,2
@ItsLondi_,@ItsLondi_,Undirected,1
@ItslittleAlee,@ItslittleAlee,Undirected,1
@IvanDuque,@IvanDuque,Undirected,2
@IvanMon95389245,@IvanMon95389245,Undirected,1
@IvanRodriguez7M,@IvanRodriguez7M,Undirected,1
@Ivan_abc,@Ivan_abc,Undirected,4
@Ivanteacher69,@Ivanteacher69,Undirected,1
@JABP008,@JABP008,Undirected,2
@JAHSc12,@JAHSc12,Undirected,1
@JBALVIN,@JBALVIN,Undirected,1
@JCecheverryCol,@JCecheverryCol,Undirected,5
@JERobledo,@JERobledo,Undirected,2
@JP_OviedoP,@JP_OviedoP,Undirected,1
@JaimeMolina,@JaimeMolina,Undirected,2
@Japaricio21,@Japaricio21,Undirected,2
@JavierEdu826,@JavierEdu826,Undirected,1
@JavierHTolosa,@JavierHTolosa,Undirected,1
@JavierJMED,@JavierJMED,Undirected,5
@JenniferAriasF,@JenniferAriasF,Undirected,1
@JeonPark_JP,@JeonPark_JP,Undirected,2
@Jergonzalez,@Jergonzalez,Undirected,1
@Jessie_Dlp,@Jessie_Dlp,Undirected,2
@JgStones,@JgStones,Undirected,1
@JhanPerezOk,@JhanPerezOk,Undirected,1
@Joacoro,@Joacoro,Undirected,1
@JohanTriana,@JohanTriana,Undirected,1
@JohanUlloaA,@JohanUlloaA,Undirected,1
@JohanaM00425654,@JohanaM00425654,Undirected,2
@JohnFredyRico,@JohnFredyRico,Undirected,1
@JohnTheKidUS,@JohnTheKidUS,Undirected,8
@Jokeraton,@Jokeraton,Undirected,3
@JorgeBuitragoT,@JorgeBuitragoT,Undirected,1
@JorgeIvanOspina,@JorgeIvanOspina,Undirected,1
@JorgeIzquierdo0,@JorgeIzquierdo0,Undirected,1
@Jorge_Montreal,@Jorge_Montreal,Undirected,5
@JosJime94206566,@JosJime94206566,Undirected,2
@JoseleOso,@JoseleOso,Undirected,1
@JovenesAccionCo,@JovenesAccionCo,Undirected,8
@JuanBucareli,@JuanBucareli,Undirected,3
@JuanDRomero,@JuanDRomero,Undirected,1
@JuanPabloIsazaP,@JuanPabloIsazaP,Undirected,1
@JuanitoDuque22,@JuanitoDuque22,Undirected,1
@Juank1388,@Juank1388,Undirected,1
@Juanma7725,@Juanma7725,Undirected,1
@Juanper62225640,@Juanper62225640,Undirected,1
@JuanseRios87,@JuanseRios87,Undirected,1
@JulianaUssa3,@JulianaUssa3,Undirected,1
@Julianaramirez6,@Julianaramirez6,Undirected,1
@JulioCesarOlay8,@JulioCesarOlay8,Undirected,1
@JuxnDiego,@JuxnDiego,Undirected,1
@KT_Leal,@KT_Leal,Undirected,2
@KarenMontaa13,@KarenMontaa13,Undirected,1
@KarenTralara,@KarenTralara,Undirected,1
@Karlaarcila,@Karlaarcila,Undirected,25
@Karol_pascuass,@Karol_pascuass,Undirected,1
@Krn_sbe,@Krn_sbe,Undirected,1
@LILIANACASTROMU,@LILIANACASTROMU,Undirected,2
@LaCombariza,@LaCombariza,Undirected,1
@LaHuellaSV,@LaHuellaSV,Undirected,1
@LaLocuraCrece,@LaLocuraCrece,Undirected,1
@LaSihuanaba1,@LaSihuanaba1,Undirected,1
@Lalita_Giraldo,@Lalita_Giraldo,Undirected,1
@Langarita2,@Langarita2,Undirected,1
@Lauraggils,@Lauraggils,Undirected,6
@LaurikiHazza,@LaurikiHazza,Undirected,1
@LeGoBo_,@LeGoBo_,Undirected,1
@LeoEnciso4,@LeoEnciso4,Undirected,1
@LeopoldoDuarteC,@LeopoldoDuarteC,Undirected,1
@Liaperezb,@Liaperezb,Undirected,1
@Liberen_a_Willy,@Liberen_a_Willy,Undirected,1
@Lidio_Dominante,@Lidio_Dominante,Undirected,1
@LigaDirectv,@LigaDirectv,Undirected,1
@LilodelaVega,@LilodelaVega,Undirected,2
@LilyMontesR,@LilyMontesR,Undirected,1
@LineaUribista07,@LineaUribista07,Undirected,1
@LizCordoba20,@LizCordoba20,Undirected,1
@Locorrecto4,@Locorrecto4,Undirected,1
@Lucasfriedmanjr,@Lucasfriedmanjr,Undirected,1
@LuisFer45684347,@LuisFer45684347,Undirected,1
@Luisamenesesv,@Luisamenesesv,Undirected,1
@MAndreaNieto,@MAndreaNieto,Undirected,5
@MBcomunicacion,@MBcomunicacion,Undirected,1
@ML_Ayuda,@ML_Ayuda,Undirected,2
@ML_Colombia,@ML_Colombia,Undirected,1
@MONYRODRIGUEZOF,@MONYRODRIGUEZOF,Undirected,7
@Maaa_masala,@Maaa_masala,Undirected,1
@MabelLaraNews,@MabelLaraNews,Undirected,2
@MacCenter,@MacCenter,Undirected,2
@MadridistaaSin0,@MadridistaaSin0,Undirected,1
@MafeCarrascal,@MafeCarrascal,Undirected,1
@MafeLemus5,@MafeLemus5,Undirected,4
@Makathelion,@Makathelion,Undirected,2
@Manu03paez,@Manu03paez,Undirected,1
@ManuelVasquez_1,@ManuelVasquez_1,Undirected,1
@Manuel_P0rtill0,@Manuel_P0rtill0,Undirected,1
@ManuelaEchava15,@ManuelaEchava15,Undirected,1
@MaoS_777,@MaoS_777,Undirected,1
@MarViToF,@MarViToF,Undirected,1
@Marcela_Azul,@Marcela_Azul,Undirected,1
@Margaritarosadf,@Margaritarosadf,Undirected,4
@MariaCa0211,@MariaCa0211,Undirected,1
@MarianaBalague7,@MarianaBalague7,Undirected,1
@Marianiniecheve,@Marianiniecheve,Undirected,60
@MaribelVasquezJ,@MaribelVasquezJ,Undirected,4
@MarioGiraldoR,@MarioGiraldoR,Undirected,1
@Martha1257,@Martha1257,Undirected,1
@MartinSantosR,@MartinSantosR,Undirected,2
@Marucha3847,@Marucha3847,Undirected,1
@Matiquizaya,@Matiquizaya,Undirected,2
@Mauricio27124,@Mauricio27124,Undirected,1
@MauroCardenas27,@MauroCardenas27,Undirected,1
@Maurolarrea2,@Maurolarrea2,Undirected,1
@Mediopeque,@Mediopeque,Undirected,1
@Melissaceball,@Melissaceball,Undirected,1
@MemoBastid,@MemoBastid,Undirected,1
@MendezAzahar,@MendezAzahar,Undirected,1
@MiguelUribeT,@MiguelUribeT,Undirected,1
@MillosFCoficial,@MillosFCoficial,Undirected,3
@MinHacienda,@MinHacienda,Undirected,1
@MinInterior,@MinInterior,Undirected,1
@Monajaneth,@Monajaneth,Undirected,1
@MoratBanda,@MoratBanda,Undirected,1
@MovistarCo,@MovistarCo,Undirected,5
@MovistarPlus,@MovistarPlus,Undirected,1
@MrTwentyOficial,@MrTwentyOficial,Undirected,1
@Nacho04a,@Nacho04a,Undirected,1
@NataliaBonnett,@NataliaBonnett,Undirected,1
@Nataliaescribe,@Nataliaescribe,Undirected,1
@NathyGQuirogaC,@NathyGQuirogaC,Undirected,1
@Nathygat7,@Nathygat7,Undirected,6
@NbaNata,@NbaNata,Undirected,1
@Negriet,@Negriet,Undirected,5
@NelsonSanAmay,@NelsonSanAmay,Undirected,1
@NennyAHN,@NennyAHN,Undirected,1
@Nequi,@Nequi,Undirected,13
@NetflixLAT,@NetflixLAT,Undirected,1
@NiPlataNiNada,@NiPlataNiNada,Undirected,1
@NicoDiazGr,@NicoDiazGr,Undirected,1
@NicolasMaduro,@NicolasMaduro,Undirected,1
@NicolasTovarZ,@NicolasTovarZ,Undirected,2
@NoTenganDudaQue,@NoTenganDudaQue,Undirected,2
@Noridaoficial,@Noridaoficial,Undirected,1
@NoticiasCaracol,@NoticiasCaracol,Undirected,1
"@NoticiasCaracoltv,","@NoticiasCaracoltv,",Undirected,1
@NoticiasRCN,@NoticiasRCN,Undirected,21
@OIZuluaga,@OIZuluaga,Undirected,2
@Omitar69,@Omitar69,Undirected,2
@Oscar16720574,@Oscar16720574,Undirected,1
@Osorious,@Osorious,Undirected,1
@PRISARadio,@PRISARadio,Undirected,1
@PactoCol,@PactoCol,Undirected,1
@Palacios_Andres,@Palacios_Andres,Undirected,1
@PalmaEdwin,@PalmaEdwin,Undirected,1
@PaoHerreraC,@PaoHerreraC,Undirected,3
@PartidoVerdeCoL,@PartidoVerdeCoL,Undirected,1
@PaulinaBrttz,@PaulinaBrttz,Undirected,1
@PaulinaLaAndona,@PaulinaLaAndona,Undirected,1
@Penalosadas,@Penalosadas,Undirected,1
@PepitoScruton,@PepitoScruton,Undirected,1
@PereiraYPereira,@PereiraYPereira,Undirected,1
@Perenguena,@Perenguena,Undirected,2
@Perroacuadros,@Perroacuadros,Undirected,1
@PetAngelsCol,@PetAngelsCol,Undirected,1
@Pinnktomatte,@Pinnktomatte,Undirected,1
@Pipebecerra1,@Pipebecerra1,Undirected,1
@PoliciaCali,@PoliciaCali,Undirected,1
@Polombiano88,@Polombiano88,Undirected,3
@PolombianoDBien,@PolombianoDBien,Undirected,2
@PrimoECosta,@PrimoECosta,Undirected,1
@ProfErickB,@ProfErickB,Undirected,2
@ProsperidadCol,@ProsperidadCol,Undirected,7
@Pulzo,@Pulzo,Undirected,1
@Puntored_CO,@Puntored_CO,Undirected,1
@QuintinQuinter,@QuintinQuinter,Undirected,1
@ROSAMLOPEZE,@ROSAMLOPEZE,Undirected,1
@R_de_alicantino,@R_de_alicantino,Undirected,1
@RadioPlaneta969,@RadioPlaneta969,Undirected,1
@RadiologiaEpige,@RadiologiaEpige,Undirected,1
@RafaFlores1,@RafaFlores1,Undirected,1
@RamirezcLawyer,@RamirezcLawyer,Undirected,1
@RappiPay,@RappiPay,Undirected,3
@RevistaSemana,@RevistaSemana,Undirected,3
@RicardoBSalinas,@RicardoBSalinas,Undirected,1
@Rochajaramillo,@Rochajaramillo,Undirected,1
@RolaRiza,@RolaRiza,Undirected,2
@RommelMoral,@RommelMoral,Undirected,1
@RoyBarreras,@RoyBarreras,Undirected,2
@RozoBeto,@RozoBeto,Undirected,1
@RubenPinzonHdez,@RubenPinzonHdez,Undirected,1
@Ruta_N,@Ruta_N,Undirected,5
@SFCsupervisor,@SFCsupervisor,Undirected,88
@SSF_ElSalvador,@SSF_ElSalvador,Undirected,6
@SSociedades,@SSociedades,Undirected,1
@Sago2022,@Sago2022,Undirected,4
@Sagoatehortua,@Sagoatehortua,Undirected,1
@SantaTeclaSV,@SantaTeclaSV,Undirected,1
@SantiagoVargasN,@SantiagoVargasN,Undirected,1
@SaraTufanoZ,@SaraTufanoZ,Undirected,1
@ScotiaColpatria,@ScotiaColpatria,Undirected,4
@Sebasma91,@Sebasma91,Undirected,1
@SebastianNohra,@SebastianNohra,Undirected,1
@SebastianRegino,@SebastianRegino,Undirected,1
@Sebastian___1,@Sebastian___1,Undirected,1
@SegurosBolivar,@SegurosBolivar,Undirected,39
@SegurosMundial,@SegurosMundial,Undirected,1
@SennorReds,@SennorReds,Undirected,1
@SharaLo85029316,@SharaLo85029316,Undirected,1
@Sicresponde,@Sicresponde,Undirected,1
@SimonVargasM,@SimonVargasM,Undirected,1
@Skater_To_Death,@Skater_To_Death,Undirected,2
@Smoucchween,@Smoucchween,Undirected,2
@SnJuanerita,@SnJuanerita,Undirected,1
@Social_Skin_,@Social_Skin_,Undirected,3
@Soscomputercali,@Soscomputercali,Undirected,1
@SoyAliciaFranco,@SoyAliciaFranco,Undirected,1
@SoyCaste,@SoyCaste,Undirected,1
@SoyLinaPorDios,@SoyLinaPorDios,Undirected,1
@Srt_Toloza,@Srt_Toloza,Undirected,1
@Supersalud,@Supersalud,Undirected,1
@Superservicios,@Superservicios,Undirected,6
@SusanaCorreaBor,@SusanaCorreaBor,Undirected,6
@TRA,@TRA,Undirected,1
@TRAFICOENTEGUS,@TRAFICOENTEGUS,Undirected,2
@TROYA_NOTICIAS,@TROYA_NOTICIAS,Undirected,3
@Tajoha145,@Tajoha145,Undirected,1
@TelepacificoTV,@TelepacificoTV,Undirected,1
@Tenniscomco,@Tenniscomco,Undirected,1
@ToroDeArena,@ToroDeArena,Undirected,1
@TovarSantiago19,@TovarSantiago19,Undirected,1
@TuBoletaNews,@TuBoletaNews,Undirected,1
@TuCivica,@TuCivica,Undirected,1
@TuFaviorito,@TuFaviorito,Undirected,1
@Twitter,@Twitter,Undirected,1
@Tyra77541491,@Tyra77541491,Undirected,1
@UCHLSISTEMAS,@UCHLSISTEMAS,Undirected,1
@UNALOficial,@UNALOficial,Undirected,1
@Uber_Col,@Uber_Col,Undirected,2
@Uber_Support,@Uber_Support,Undirected,1
@VMTElSalvador,@VMTElSalvador,Undirected,1
@ValennCardona,@ValennCardona,Undirected,1
@Valenti48370428,@Valenti48370428,Undirected,1
@ValentinoSnow27,@ValentinoSnow27,Undirected,1
@VannesaPinedaM4,@VannesaPinedaM4,Undirected,1
@VictoriaMejiaM,@VictoriaMejiaM,Undirected,1
@VillamilMarlene,@VillamilMarlene,Undirected,1
@VillanuevaGuaj,@VillanuevaGuaj,Undirected,1
@Vivibar,@Vivibar,Undirected,1
@WILIRBOA,@WILIRBOA,Undirected,1
@WRadioColombia,@WRadioColombia,Undirected,2
@WellAgency3,@WellAgency3,Undirected,1
@Wendys_sv,@Wendys_sv,Undirected,1
@WhitneyMeneses,@WhitneyMeneses,Undirected,1
@WilliamSorianoH,@WilliamSorianoH,Undirected,1
@WinSportsTV,@WinSportsTV,Undirected,1
@WintorAbc,@WintorAbc,Undirected,2
@XioTorrado,@XioTorrado,Undirected,1
@Xtresveces,@Xtresveces,Undirected,1
@YamidAmatCMI,@YamidAmatCMI,Undirected,1
@YefryLopez6,@YefryLopez6,Undirected,1
@YeiMosquera,@YeiMosquera,Undirected,1
@YerlyMozo,@YerlyMozo,Undirected,1
@YessidAlvarez,@YessidAlvarez,Undirected,1
@Yopucheros,@Yopucheros,Undirected,1
@YouTube,@YouTube,Undirected,1
@Zuletalleras,@Zuletalleras,Undirected,2
@_Cavernicola_,@_Cavernicola_,Undirected,1
@_Chivowallet192,@_Chivowallet192,Undirected,1
@_JennMa_,@_JennMa_,Undirected,1
@_____juanse,@_____juanse,Undirected,1
@_ajaytuque,@_ajaytuque,Undirected,1
@actualidadpanam,@actualidadpanam,Undirected,1
@agaviriau,@agaviriau,Undirected,1
@agmethescaf,@agmethescaf,Undirected,1
@akanesita01,@akanesita01,Undirected,1
@alejocoqui,@alejocoqui,Undirected,2
@alexandervg0,@alexandervg0,Undirected,1
@alexillo36,@alexillo36,Undirected,2
@almacenesexito,@almacenesexito,Undirected,2
@alreves22,@alreves22,Undirected,1
@ammb_2000,@ammb_2000,Undirected,1
@andreanimalidad,@andreanimalidad,Undirected,1
@andreincolombia,@andreincolombia,Undirected,3
@andres_ospinag,@andres_ospinag,Undirected,1
@andrescepeda,@andrescepeda,Undirected,17
@andresgamezb,@andresgamezb,Undirected,1
@andresjuliodiaz,@andresjuliodiaz,Undirected,1
@andresmania,@andresmania,Undirected,1
@andresoso,@andresoso,Undirected,1
@andrew941204,@andrew941204,Undirected,1
@angelamars,@angelamars,Undirected,1
@angelamrobledo,@angelamrobledo,Undirected,2
@angelmed82,@angelmed82,Undirected,2
@anggi_avila,@anggi_avila,Undirected,1
@anmalomo25,@anmalomo25,Undirected,1
@anngie1989,@anngie1989,Undirected,1
@antoasb,@antoasb,Undirected,1
@ashima7,@ashima7,Undirected,3
@asiesmuyberraco,@asiesmuyberraco,Undirected,1
@aureliobabiloni,@aureliobabiloni,Undirected,1
@balvinparce,@balvinparce,Undirected,1
@bancoagricolasv,@bancoagricolasv,Undirected,2
@bancobogota,@bancobogota,Undirected,1
@bancocajasocial,@bancocajasocial,Undirected,1
@bancosantander,@bancosantander,Undirected,1
@barrile37043017,@barrile37043017,Undirected,1
@bascobscd,@bascobscd,Undirected,1
@bbva,@bbva,Undirected,6
@bienes_cali,@bienes_cali,Undirected,1
@binance,@binance,Undirected,22
@blvckpool,@blvckpool,Undirected,1
@bnmascerca,@bnmascerca,Undirected,1
@bvcColombia,@bvcColombia,Undirected,1
@byronehr,@byronehr,Undirected,1
@cachaful,@cachaful,Undirected,3
@cafenofilo,@cafenofilo,Undirected,5
@camara_dorada,@camara_dorada,Undirected,1
@camilanocorre,@camilanocorre,Undirected,1
@camilosokka,@camilosokka,Undirected,1
@caraleo,@caraleo,Undirected,1
@carlitosecheve,@carlitosecheve,Undirected,1
@carlos60285427,@carlos60285427,Undirected,3
@carloscalero977,@carloscalero977,Undirected,5
@carlosh1975,@carlosh1975,Undirected,1
@carloshtorivera,@carloshtorivera,Undirected,1
@caroooooooD,@caroooooooD,Undirected,2
@cesarmh0310,@cesarmh0310,Undirected,1
@chivowallet,@chivowallet,Undirected,4
@ciencuadras,@ciencuadras,Undirected,4
@clau74141,@clau74141,Undirected,1
@claucarma1,@claucarma1,Undirected,1
@claudiamzuleta,@claudiamzuleta,Undirected,1
@claumigor,@claumigor,Undirected,1
@cochita417,@cochita417,Undirected,1
@colombian_ade,@colombian_ade,Undirected,1
@cooservunal,@cooservunal,Undirected,1
@corbeta.com.co,@corbeta.com.co,Undirected,1
@cristalrealm,@cristalrealm,Undirected,1
@crpandemonium,@crpandemonium,Undirected,1
@cz_binance,@cz_binance,Undirected,8
@danielburitica,@danielburitica,Undirected,1
@dannykrd,@dannykrd,Undirected,3
@danytorresang,@danytorresang,Undirected,1
@darcyquinnr,@darcyquinnr,Undirected,1
@davicorredores,@davicorredores,Undirected,8
@davidapelaez,@davidapelaez,Undirected,2
@davidbarguil,@davidbarguil,Undirected,8
@davidfarmenta,@davidfarmenta,Undirected,1
@daviplata,@daviplata,Undirected,4
@davivienda,@davivienda,Undirected,11
@deibyfandino,@deibyfandino,Undirected,1
@del_litoral,@del_litoral,Undirected,2
@delmyeliza1,@delmyeliza1,Undirected,1
@developer_ia,@developer_ia,Undirected,1
@dfdelcastillo,@dfdelcastillo,Undirected,1
@dianamortimer,@dianamortimer,Undirected,1
@dianhagr,@dianhagr,Undirected,2
@diegoruix,@diegoruix,Undirected,2
@digestefan,@digestefan,Undirected,1
@digitalbuzzfab,@digitalbuzzfab,Undirected,1
@dijo,@dijo,Undirected,1
@diosesoler,@diosesoler,Undirected,5
@distimicaa,@distimicaa,Undirected,1
@drcata,@drcata,Undirected,1
@ebliinreyes,@ebliinreyes,Undirected,1
@eddwinzz,@eddwinzz,Undirected,1
@edovago,@edovago,Undirected,1
@eduardcenteno,@eduardcenteno,Undirected,2
@efectomirringo,@efectomirringo,Undirected,1
@elBitcoin,@elBitcoin,Undirected,1
@elgatoyirri,@elgatoyirri,Undirected,1
@elianagomezf,@elianagomezf,Undirected,2
@elikitty_33,@elikitty_33,Undirected,2
@eljulisoquete,@eljulisoquete,Undirected,1
@elkinsu,@elkinsu,Undirected,1
@elprofetara1,@elprofetara1,Undirected,1
@elsanti_mx,@elsanti_mx,Undirected,1
@enterocoliticas,@enterocoliticas,Undirected,1
@epayco,@epayco,Undirected,1
@ernestomaciast,@ernestomaciast,Undirected,1
@esteesmitweet,@esteesmitweet,Undirected,1
@eticketCOL,@eticketCOL,Undirected,2
@ez2000co,@ez2000co,Undirected,2
@faber_acuria,@faber_acuria,Undirected,2
@fabioladuquegon,@fabioladuquegon,Undirected,1
@fainfundacion,@fainfundacion,Undirected,1
@farmaceuticoac1,@farmaceuticoac1,Undirected,1
@fdoatehortua,@fdoatehortua,Undirected,2
@fernandhovilla,@fernandhovilla,Undirected,4
@fervarelahn,@fervarelahn,Undirected,1
@fgalindoh,@fgalindoh,Undirected,1
@framial,@framial,Undirected,1
@gabsojitosverde,@gabsojitosverde,Undirected,1
@gallardoso,@gallardoso,Undirected,1
@gastonvelandia,@gastonvelandia,Undirected,1
@germanayalaosor,@germanayalaosor,Undirected,1
@germanr96438901,@germanr96438901,Undirected,1
@ggutier7,@ggutier7,Undirected,1
@ghitis,@ghitis,Undirected,1
@giz_gmbh,@giz_gmbh,Undirected,1
@gleniiaaa,@gleniiaaa,Undirected,4
@glorianapacheco,@glorianapacheco,Undirected,1
@gnrlmvm,@gnrlmvm,Undirected,1
@godolaxo,@godolaxo,Undirected,1
@gopb15,@gopb15,Undirected,1
@grupoaval,@grupoaval,Undirected,2
@gutierrezluis,@gutierrezluis,Undirected,1
@hallucination_l,@hallucination_l,Undirected,1
@handresploz,@handresploz,Undirected,1
@hardvaylor,@hardvaylor,Undirected,1
@hec10rl,@hec10rl,Undirected,1
@higuitaandres,@higuitaandres,Undirected,1
@hijo_de_nix,@hijo_de_nix,Undirected,1
@holareserve,@holareserve,Undirected,1
@hsaenzm,@hsaenzm,Undirected,4
@humocolorazul,@humocolorazul,Undirected,3
@hyperconectado,@hyperconectado,Undirected,1
@iMadameSoleil,@iMadameSoleil,Undirected,1
@iam_crisfer,@iam_crisfer,Undirected,1
@iguanita1972,@iguanita1972,Undirected,1
@ilich2586,@ilich2586,Undirected,2
@ilusion_mental,@ilusion_mental,Undirected,1
@ingsis_john,@ingsis_john,Undirected,2
@isalopezgiraldo,@isalopezgiraldo,Undirected,2
@isamg6,@isamg6,Undirected,1
@itamaria83,@itamaria83,Undirected,2
@itaucol,@itaucol,Undirected,2
@jackematee,@jackematee,Undirected,1
@jaimegarzon1986,@jaimegarzon1986,Undirected,1
@japuna7,@japuna7,Undirected,3
@jcortes1967,@jcortes1967,Undirected,1
@jdavidm81,@jdavidm81,Undirected,2
@jesica_dlp,@jesica_dlp,Undirected,1
@jesisiri,@jesisiri,Undirected,1
@jesualmar1,@jesualmar1,Undirected,1
@jfgartner007,@jfgartner007,Undirected,1
@jholuyas_72,@jholuyas_72,Undirected,1
@jim244857,@jim244857,Undirected,1
@jkarlosrp,@jkarlosrp,Undirected,1
@joel_andrus,@joel_andrus,Undirected,1
@johangon_19,@johangon_19,Undirected,1
@johngongo,@johngongo,Undirected,1
@johnsonmtb,@johnsonmtb,Undirected,3
@jorgefernando00,@jorgefernando00,Undirected,1
@josecap97,@josecap97,Undirected,1
@josecastillobu,@josecastillobu,Undirected,1
@josefe71,@josefe71,Undirected,2
@joseosome,@joseosome,Undirected,2
@joseriosalcalde,@joseriosalcalde,Undirected,1
@josue_rozo,@josue_rozo,Undirected,1
@jpvillamil8,@jpvillamil8,Undirected,1
@jsanchezcristo,@jsanchezcristo,Undirected,1
@juanadarco1,@juanadarco1,Undirected,5
@juanbedoya73,@juanbedoya73,Undirected,1
@juanduribe61,@juanduribe61,Undirected,1
@juanes,@juanes,Undirected,1
@juano191,@juano191,Undirected,1
@juanskulll,@juanskulll,Undirected,2
@julianac1987,@julianac1987,Undirected,1
@julioorozco29,@julioorozco29,Undirected,3
@juniorduque2012,@juniorduque2012,Undirected,1
@karentralara,@karentralara,Undirected,1
@katiaospino,@katiaospino,Undirected,1
@kfccolombia,@kfccolombia,Undirected,1
@krlosrojas74,@krlosrojas74,Undirected,1
@ktheeBG,@ktheeBG,Undirected,1
@laam1983,@laam1983,Undirected,1
@laaura_gooomez,@laaura_gooomez,Undirected,1
@labduls,@labduls,Undirected,1
@ladelavid,@ladelavid,Undirected,2
@lafm,@lafm,Undirected,2
@lamaizita,@lamaizita,Undirected,1
@larepublica_co,@larepublica_co,Undirected,1
"@larepublica_co,","@larepublica_co,",Undirected,1
@lasillavacia,@lasillavacia,Undirected,1
@laurahuyo,@laurahuyo,Undirected,2
@laurigarzon,@laurigarzon,Undirected,1
@leandro_adame,@leandro_adame,Undirected,1
@lisvanegas07,@lisvanegas07,Undirected,1
@lonch222,@lonch222,Undirected,1
@lopera9021,@lopera9021,Undirected,1
@lopez65,@lopez65,Undirected,1
@lorecastrooo,@lorecastrooo,Undirected,2
@losdanieles,@losdanieles,Undirected,1
@lssshhhhh,@lssshhhhh,Undirected,2
@lucholarrompe,@lucholarrompe,Undirected,4
@luisgcocogomez,@luisgcocogomez,Undirected,1
@luislarahn,@luislarahn,Undirected,1
@luislopezm,@luislopezm,Undirected,1
@lupitaesfeliz,@lupitaesfeliz,Undirected,1
@ma_camiladiaz,@ma_camiladiaz,Undirected,1
@macarinam,@macarinam,Undirected,1
@magallego58,@magallego58,Undirected,1
@maicho1,@maicho1,Undirected,1
@manglero241,@manglero241,Undirected,5
@manuel_civil,@manuel_civil,Undirected,1
@manuelmente,@manuelmente,Undirected,1
@mareacamila,@mareacamila,Undirected,1
@mariaeandrade,@mariaeandrade,Undirected,1
@mariapaolalugo2,@mariapaolalugo2,Undirected,1
@mariobotinat,@mariobotinat,Undirected,1
@marlonfcr96,@marlonfcr96,Undirected,1
@martha_urrego,@martha_urrego,Undirected,1
@melidardila,@melidardila,Undirected,2
@memisfranco,@memisfranco,Undirected,1
@mercadopago,@mercadopago,Undirected,3
@merecumbiandofu,@merecumbiandofu,Undirected,1
@metro,@metro,Undirected,1
@metrodemedellin,@metrodemedellin,Undirected,6
@micovicienta,@micovicienta,Undirected,1
@milivillalobos,@milivillalobos,Undirected,1
@mis,@mis,Undirected,1
@misislatierna,@misislatierna,Undirected,1
@misslesleywolf,@misslesleywolf,Undirected,1
@misterpanbarranquilla,@misterpanbarranquilla,Undirected,3
@mitiatere,@mitiatere,Undirected,1
@mnirgg,@mnirgg,Undirected,1
@monicaphiguera,@monicaphiguera,Undirected,2
@monvelt,@monvelt,Undirected,1
@mquintanillae,@mquintanillae,Undirected,1
@msilvaazul,@msilvaazul,Undirected,1
@musictrendscol,@musictrendscol,Undirected,1
@mymaliciagatuna,@mymaliciagatuna,Undirected,1
@myrdur,@myrdur,Undirected,1
@n_lemus,@n_lemus,Undirected,1
@nacionaloficial,@nacionaloficial,Undirected,1
@nanysfer,@nanysfer,Undirected,1
@navascarola,@navascarola,Undirected,1
@nayibbukele,@nayibbukele,Undirected,2
@nccm__,@nccm__,Undirected,1
@nenarrazola,@nenarrazola,Undirected,2
@nequi,@nequi,Undirected,1
@nixonperezm,@nixonperezm,Undirected,3
@nogriten,@nogriten,Undirected,2
@noriclago,@noriclago,Undirected,2
@noslenshoesk,@noslenshoesk,Undirected,1
@noticia_lopez65,@noticia_lopez65,Undirected,2
@noticiasRCN,@noticiasRCN,Undirected,1
@ntcoral,@ntcoral,Undirected,3
@nubank,@nubank,Undirected,3
@nubia_ti,@nubia_ti,Undirected,1
@nxttxdxyy,@nxttxdxyy,Undirected,1
@oliver_valbuena,@oliver_valbuena,Undirected,1
@oscarvillani,@oscarvillani,Undirected,1
@oscatorex,@oscatorex,Undirected,5
@oskar767,@oskar767,Undirected,1
@osorio1109,@osorio1109,Undirected,1
@pablomoon06,@pablomoon06,Undirected,1
@panajane,@panajane,Undirected,1
@pascuteboy,@pascuteboy,Undirected,1
@paulaenelalma,@paulaenelalma,Undirected,2
@pensil00,@pensil00,Undirected,1
@pepadeguama1,@pepadeguama1,Undirected,1
@pepalf,@pepalf,Undirected,1
@petrogustavo,@petrogustavo,Undirected,10
@piedadcordoba.,@piedadcordoba.,Undirected,1
@pikhq,@pikhq,Undirected,1
@pilarvelasquezv,@pilarvelasquezv,Undirected,1
@plazacentralccb,@plazacentralccb,Undirected,1
@pollomar09,@pollomar09,Undirected,1
@polombiano88,@polombiano88,Undirected,1
@pombo_s,@pombo_s,Undirected,1
@porras_german,@porras_german,Undirected,1
@priradiotv,@priradiotv,Undirected,2
@psic000sis,@psic000sis,Undirected,1
@psycomano97,@psycomano97,Undirected,1
@pukyseshotmail1,@pukyseshotmail1,Undirected,1
@pulzo,@pulzo,Undirected,1
@r_omerita,@r_omerita,Undirected,1
@rafaelMartAng,@rafaelMartAng,Undirected,1
@rafapardop,@rafapardop,Undirected,1
@ragnar3823,@ragnar3823,Undirected,1
@rauldanielmono,@rauldanielmono,Undirected,1
@rcnradio,@rcnradio,Undirected,1
@readloverspcj,@readloverspcj,Undirected,2
@realmalpa4ever,@realmalpa4ever,Undirected,1
@renlopezs,@renlopezs,Undirected,1
@retros_rarezas,@retros_rarezas,Undirected,1
@ricardo_londono,@ricardo_londono,Undirected,1
@ricardocipago,@ricardocipago,Undirected,2
@rigo8524,@rigo8524,Undirected,1
@robertoriverosa,@robertoriverosa,Undirected,1
@rubendgomez78,@rubendgomez78,Undirected,1
@rubiapsicologa,@rubiapsicologa,Undirected,2
"@s,","@s,",Undirected,1
@sabaezd,@sabaezd,Undirected,1
@saltamontes___,@saltamontes___,Undirected,2
@santiguerrerow,@santiguerrerow,Undirected,1
@sarriamo,@sarriamo,Undirected,2
@scotiabank,@scotiabank,Undirected,1
@senorasalvaje,@senorasalvaje,Undirected,2
@sergiogomezf,@sergiogomezf,Undirected,3
@sergiomohamed23,@sergiomohamed23,Undirected,1
@sergior90565208,@sergior90565208,Undirected,1
@serpra72,@serpra72,Undirected,1
@shiiberuuh,@shiiberuuh,Undirected,1
@sicsuper,@sicsuper,Undirected,27
@sinamosindios,@sinamosindios,Undirected,1
@snowqly,@snowqly,Undirected,1
@socialario,@socialario,Undirected,1
@solky54,@solky54,Undirected,1
@somosraya,@somosraya,Undirected,1
@soniajannethba,@soniajannethba,Undirected,1
@sortegarango,@sortegarango,Undirected,1
@ssf.gob.sv,@ssf.gob.sv,Undirected,2
@stanleyoly,@stanleyoly,Undirected,1
@subirath,@subirath,Undirected,1
@superbancosEC,@superbancosEC,Undirected,1
@t18506496,@t18506496,Undirected,1
@tagy_petus,@tagy_petus,Undirected,1
@taltalivan,@taltalivan,Undirected,1
@telefonorojo,@telefonorojo,Undirected,7
@thekingx4ever,@thekingx4ever,Undirected,1
@thevisor2015,@thevisor2015,Undirected,1
@tidespaz,@tidespaz,Undirected,1
@todos_putoos,@todos_putoos,Undirected,1
@tomyko79,@tomyko79,Undirected,1
@totogomez25,@totogomez25,Undirected,4
@tripleCIbarguen,@tripleCIbarguen,Undirected,1
@vanesanchez89,@vanesanchez89,Undirected,1
@velascoluisf,@velascoluisf,Undirected,1
@vivanlasflores,@vivanlasflores,Undirected,1
@vivigarciap,@vivigarciap,Undirected,1
@wZKCwQ4vEN0bFCy,@wZKCwQ4vEN0bFCy,Undirected,1
@w_radio,@w_radio,Undirected,1
@waraujo64,@waraujo64,Undirected,2
@wilfer_sandoval,@wilfer_sandoval,Undirected,1
@wilsonariasc,@wilsonariasc,Undirected,106
@woars1,@woars1,Undirected,1
@ximenaramirezg,@ximenaramirezg,Undirected,1
@yousexonfire,@yousexonfire,Undirected,1
@zildride,@zildride,Undirected,3
@zimonrock,@zimonrock,Undirected,2
@zona_inversion,@zona_inversion,Undirected,1
@zooxantelaa,@zooxantelaa,Undirected,1
